WWTP name,Latitude,Longitude,Capacity (p.e),N kg/per year,country,province,nuts2_id,country_code,P kg/per year
Aba Kistersegi-Szennyviztisztito Telep,47.010866,18.493945,11500,49680,Hungary,Közép-Dunántúl,HU21,Hungary,8280
Abadszalok - Szennyviztisztito Telep,47.4274,20.580171,16085,69487.2,Hungary,Észak-Alföld,HU32,Hungary,11581.2
Abaliget - Szennyviztisztito Telep,46.153831,18.086468,1760,7603.2,Hungary,Dél-Dunántúl,HU23,Hungary,1267.2
Abaujszanto - Szennyviztisztito Telep,48.260042,21.178422,10542,45541.44,Hungary,Észak-Magyarország,HU31,Hungary,7590.24
Abaujvar - Szennyviztisztito Telep,48.528179,21.313814,90,388.8,Hungary,Észak-Magyarország,HU31,Hungary,64.8
Abod - Szennyviztisztito Telep,48.393238,20.785159,200,864,Hungary,Észak-Magyarország,HU31,Hungary,144
Abony - Szennyviztisztito Telep,47.164083,20.003175,20942,90469.44,Hungary,Észak-Alföld,HU32,Hungary,15078.24
Acs - Szennyviztisztito Telep,47.725314,18.015208,9770,42206.4,Hungary,Közép-Dunántúl,HU21,Hungary,7034.4
Acsteszer - Szennyviztisztito Telep,47.415533,18.002699,750,3240,Hungary,Közép-Dunántúl,HU21,Hungary,540
Adacs - Szennyviztisztito Telep,47.691195,19.960906,8667,37441.44,Hungary,Észak-Magyarország,HU31,Hungary,6240.24
Adand - Szennyviztisztito Telep,46.864058,18.166305,2300,9936,Hungary,Dél-Dunántúl,HU23,Hungary,1656
Adony - Szennyviztisztito Telep,47.108956,18.869615,3960,17107.2,Hungary,Közép-Dunántúl,HU21,Hungary,2851.2
Aggtelek - Szennyviztisztito Telep,48.461077,20.504494,1500,6480,Hungary,Észak-Magyarország,HU31,Hungary,1080
Ajak - Szennyviztisztito Telep,48.184889,22.073953,4687,20247.84,Hungary,Észak-Alföld,HU32,Hungary,3374.64
Ajka - Szennyviztisztito Telep,47.110545,17.544011,42800,184896,Hungary,Közép-Dunántúl,HU21,Hungary,30816
Alattyan - Szennyviztisztito Telep,47.419107,20.040158,2500,10800,Hungary,Észak-Alföld,HU32,Hungary,1800
Albertirsa - Szennyviztisztito Telep,47.236418,19.642912,12900,55728,Hungary,Pest,HU12,Hungary,9288
Algyo - Szennyviztisztito Telep,46.31453,20.221334,12000,51840,Hungary,Dél-Alföld,HU33,Hungary,8640
Almosd - Szennyviztisztito Telep,47.432824,21.973958,833,3598.56,Hungary,Észak-Alföld,HU32,Hungary,599.76
Alsoberecki - Szennyviztisztito Telep,48.353444,21.702025,1660,7171.2,Hungary,Észak-Magyarország,HU31,Hungary,1195.2
Alsomocsolad - Szennyviztisztito Telep,46.312937,18.242914,250,1080,Hungary,Dél-Dunántúl,HU23,Hungary,180
Alsonemedi - Szennyviztisztito Telep,47.292286,19.166088,7430,32097.6,Hungary,Pest,HU12,Hungary,5349.6
Alsovadasz - Szennyviztisztito Telep,48.239177,20.908836,1530,6609.6,Hungary,Észak-Magyarország,HU31,Hungary,1101.6
Apagy - Szennyviztisztito Telep,47.963313,21.906007,6757,29190.24,Hungary,Észak-Alföld,HU32,Hungary,4865.04
Apostag - Szennyviztisztito Telep,46.888815,18.955517,6875,29700,Hungary,Dél-Alföld,HU33,Hungary,4950
Aranyosapati - Szennyviztisztito Telep,48.217993,22.252597,2077,8972.64,Hungary,Észak-Alföld,HU32,Hungary,1495.44
Arlo - Szennyviztisztito Telep,48.18173,20.255277,3650,15768,Hungary,Észak-Magyarország,HU31,Hungary,2628
Arokto - Szennyviztisztito Telep,47.72594,20.941353,192,829.44,Hungary,Észak-Alföld,HU32,Hungary,138.24
Asotthalom - Szennyviztisztito Telep,46.20349,19.792913,2460,10627.2,Hungary,Dél-Alföld,HU33,Hungary,1771.2
Aszod - Szennyviztisztito Telep,47.64485,19.487169,22916,98997.12,Hungary,Pest,HU12,Hungary,16499.52
Babolna - Szennyviztisztito Telep,47.643699,17.946992,5833,25198.56,Hungary,Közép-Dunántúl,HU21,Hungary,4199.76
Bacsalmas - Szennyviztisztito Telep,46.113397,19.335454,7600,32832,Hungary,Dél-Alföld,HU33,Hungary,5472
Bagamer - Szennyviztisztito Telep,47.439263,21.9929,2078,8976.96,Hungary,Észak-Alföld,HU32,Hungary,1496.16
Baja - Szennyviztisztito Telep,46.181633,18.929021,111000,479520,Hungary,Dél-Alföld,HU33,Hungary,79920
Bajansenye - Szennyviztisztito Telep,46.79206,16.411862,1350,5832,Hungary,Nyugat-Dunántúl,HU22,Hungary,972
Bakonybank - Szennyviztisztito Telep,47.460068,17.919789,2207,9534.24,Hungary,Közép-Dunántúl,HU21,Hungary,1589.04
Bakonybel - Szennyviztisztito Telep,47.261057,17.717682,1000,4320,Hungary,Közép-Dunántúl,HU21,Hungary,720
Bakonycsernye - Szennyviztisztito Telep,47.322899,18.128808,3100,13392,Hungary,Közép-Dunántúl,HU21,Hungary,2232
Bakonypeterd Szennyviztisztito Telep,47.4626,17.799045,287,1239.84,Hungary,Nyugat-Dunántúl,HU22,Hungary,206.64
Bakonyszentlaszlo - Szennyviztisztito Telep,47.398476,17.803949,2733,11806.56,Hungary,Nyugat-Dunántúl,HU22,Hungary,1967.76
Bakonyszombathely - Szennyviztisztito Telep,47.497731,17.934879,2562,11067.84,Hungary,Közép-Dunántúl,HU21,Hungary,1844.64
Baks - Szennyviztisztito Telep,46.557807,20.09589,2385,10303.2,Hungary,Dél-Alföld,HU33,Hungary,1717.2
Baktaloranthaza - Szennyviztisztito Telep,48.001983,22.069804,4019,17362.08,Hungary,Észak-Alföld,HU32,Hungary,2893.68
Balajt - Szennyviztisztito Telep,48.322377,20.782744,200,864,Hungary,Észak-Magyarország,HU31,Hungary,144
Balassagyarmat - Szennyviztisztito Telep,48.071605,19.267669,33750,145800,Hungary,Észak-Magyarország,HU31,Hungary,24300
Balastya - Szennyviztisztito Telep,46.425669,20.014507,3678,15888.96,Hungary,Dél-Alföld,HU33,Hungary,2648.16
Balatonfokajar - Szennyviztisztito Telep,47.005423,18.193816,29933,129310.56,Hungary,Közép-Dunántúl,HU21,Hungary,21551.76
Bank - Szennyviztisztito Telep,47.922804,19.196811,890,3844.8,Hungary,Észak-Magyarország,HU31,Hungary,640.8
Balatonfured - Szennyviztisztito Telep,46.943083,17.870903,45883,198214.56,Hungary,Közép-Dunántúl,HU21,Hungary,33035.76
Balatonfuzfo - Szennyviztisztito Telep,47.092312,18.047005,49174,212431.68,Hungary,Közép-Dunántúl,HU21,Hungary,35405.28
Balatonlelle - Szennyviztisztito Telep,46.764211,17.708569,104000,449280,Hungary,Dél-Dunántúl,HU23,Hungary,74880
Balkany - (Abapuszta nelkul) - Szennyviztisztito Telep,47.778376,21.869977,7236,31259.52,Hungary,Észak-Alföld,HU32,Hungary,5209.92
Balmazujvaros - Szennyviztisztito Telep,47.603916,21.328357,17500,75600,Hungary,Észak-Alföld,HU32,Hungary,12600
Bana - Szennyviztisztito Telep,47.644692,17.904906,5226,22576.32,Hungary,Közép-Dunántúl,HU21,Hungary,3762.72
Baracska - Szennyviztisztito Telep,47.276325,18.776877,8142,35173.44,Hungary,Közép-Dunántúl,HU21,Hungary,5862.24
Baranyahidveg Szennyviztisztito Telep,45.842581,18.031966,889,3840.48,Hungary,Dél-Dunántúl,HU23,Hungary,640.08
Barcs - Szennyviztisztito Telep,45.947725,17.488773,22500,97200,Hungary,Dél-Dunántúl,HU23,Hungary,16200
Barlahida - Szennyviztisztito Telep,46.71414,16.694415,166,717.12,Hungary,Nyugat-Dunántúl,HU22,Hungary,119.52
Bataszek - Szennyviztisztito Telep,46.180735,18.720002,19820,85622.4,Hungary,Dél-Dunántúl,HU23,Hungary,14270.4
Batonyterenye - Szennyviztisztito Telep,47.985915,19.816681,22500,97200,Hungary,Észak-Magyarország,HU31,Hungary,16200
Bator - Szennyviztisztito Telep,47.978408,20.266614,1666,7197.12,Hungary,Észak-Magyarország,HU31,Hungary,1199.52
Bazakerettye - Baza - Szennyviztisztito Telep,46.527478,16.756936,200,864,Hungary,Nyugat-Dunántúl,HU22,Hungary,144
Bazakerettye - Kerettye - Szennyviztisztito Telep,46.533994,16.732191,1030,4449.6,Hungary,Nyugat-Dunántúl,HU22,Hungary,741.6
Beb - Szennyviztisztito Telep,47.351087,17.611843,5844,25246.08,Hungary,Közép-Dunántúl,HU21,Hungary,4207.68
Becsvolgye - Szennyviztisztito Telep,46.763008,16.6993,832,3594.24,Hungary,Nyugat-Dunántúl,HU22,Hungary,599.04
Bekes - Szennyviztisztito Telep,46.804314,21.118488,21500,92880,Hungary,Dél-Alföld,HU33,Hungary,15480
Bekescsaba - Szennyviztisztito Telep,46.70947,21.10294,133333,575998.56,Hungary,Dél-Alföld,HU33,Hungary,95999.76
Bekessamson - Szennyviztisztito Telep,46.431096,20.604851,2495,10778.4,Hungary,Dél-Alföld,HU33,Hungary,1796.4
Bekesszentandras - Szennyviztisztito Telep,46.867743,20.459942,2670,11534.4,Hungary,Észak-Alföld,HU32,Hungary,1922.4
Belapatfalva - Szennyviztisztito Telep,48.061442,20.337648,2900,12528,Hungary,Észak-Magyarország,HU31,Hungary,2088
Belezna - Szennyviztisztito Telep,46.331991,16.943789,1000,4320,Hungary,Dél-Dunántúl,HU23,Hungary,720
Berekfurdo - Szennyviztisztito Telep,47.38216,20.860612,2277,9836.64,Hungary,Észak-Alföld,HU32,Hungary,1639.44
Berettyoujfalu - Szennyviztisztito Telep,47.210112,21.543952,20000,86400,Hungary,Észak-Alföld,HU32,Hungary,14400
Berhida - Szennyviztisztito Telep,47.118305,18.141195,9600,41472,Hungary,Közép-Dunántúl,HU21,Hungary,6912
Bezenye - Szennyviztisztito Telep,47.966781,17.24794,13875,59940,Hungary,Nyugat-Dunántúl,HU22,Hungary,9990
Biatorbagy - Szennyviztisztito Telep,47.449611,18.819745,26667,115201.44,Hungary,Pest,HU12,Hungary,19200.24
Bicske - Szennyviztisztito Telep,47.490819,18.651648,20232,87402.24,Hungary,Közép-Dunántúl,HU21,Hungary,14567.04
Biharkeresztes - Szennyviztisztito Telep,47.124237,21.729324,6500,28080,Hungary,Észak-Alföld,HU32,Hungary,4680
Biharnagybajom - Szennyviztisztito Telep,47.218724,21.201129,5100,22032,Hungary,Észak-Alföld,HU32,Hungary,3672
Bocs - Szennyviztisztito Telep,48.040555,20.984371,2700,11664,Hungary,Észak-Magyarország,HU31,Hungary,1944
Bodajk - Szennyviztisztito Telep,47.332453,18.232414,7100,30672,Hungary,Közép-Dunántúl,HU21,Hungary,5112
Bodorfa - Szennyviztisztito Telep,47.072803,17.335662,1934,8354.88,Hungary,Közép-Dunántúl,HU21,Hungary,1392.48
Bogacs - Szennyviztisztito Telep,47.886305,20.539641,5696,24606.72,Hungary,Észak-Magyarország,HU31,Hungary,4101.12
Bogote - Szennyviztisztito Telep,47.087574,17.040652,833,3598.56,Hungary,Nyugat-Dunántúl,HU22,Hungary,599.76
Bohonye - Szennyviztisztito Telep,46.410558,17.419557,2392,10333.44,Hungary,Dél-Dunántúl,HU23,Hungary,1722.24
Bokony - Szennyviztisztito Telep,47.772312,21.744723,3250,14040,Hungary,Észak-Alföld,HU32,Hungary,2340
Boldog - Szennyviztisztito Telep,47.591298,19.689889,3055,13197.6,Hungary,Észak-Alföld,HU32,Hungary,2199.6
Boldva - Szennyviztisztito Telep,48.206873,20.795643,6025,26028,Hungary,Észak-Magyarország,HU31,Hungary,4338
Boly - Szennyviztisztito Telep,45.963438,18.52941,12770,55166.4,Hungary,Dél-Dunántúl,HU23,Hungary,9194.4
Bonyhad - Szennyviztisztito Telep,46.305933,18.53606,22921,99018.72,Hungary,Dél-Dunántúl,HU23,Hungary,16503.12
Bonyhadvarasd - Szennyviztisztito Telep,46.363261,18.487836,667,2881.44,Hungary,Dél-Dunántúl,HU23,Hungary,480.24
Borsodbota - Szennyviztisztito Telep,48.220035,20.407778,4200,18144,Hungary,Észak-Magyarország,HU31,Hungary,3024
Borsodnadasd - Szennyviztisztito Telep,48.135153,20.248638,3758,16234.56,Hungary,Észak-Magyarország,HU31,Hungary,2705.76
Borszorcsok - Szennyviztisztito Telep,47.135262,17.401035,500,2160,Hungary,Közép-Dunántúl,HU21,Hungary,360
Borzavar - Szennyviztisztito Telep,47.290474,17.843208,1000,4320,Hungary,Közép-Dunántúl,HU21,Hungary,720
Bucsa - Szennyviztisztito Telep,47.214806,20.976189,2150,9288,Hungary,Dél-Alföld,HU33,Hungary,1548
Budajeno - Szennyviztisztito Telep,47.555104,18.793973,3500,15120,Hungary,Pest,HU12,Hungary,2520
Budakeszi - Szennyviztisztito Telep,47.474503,18.922363,25053,108228.96,Hungary,Pest,HU12,Hungary,18038.16
Budapest (Csepel-Kp szvtp.) - Szennyviztisztito Telep,47.455671,19.066977,1633333,7055998.56,Hungary,Budapest,HU11,Hungary,1175999.76
Budapest (Del-Pest) - Szennyviztisztito Telep,47.421805,19.100211,293300,1267056,Hungary,Budapest,HU11,Hungary,211176
Budapest (Eszak-Pest) - Szennyviztisztito Telep,47.571283,19.073586,1333333,5759998.56,Hungary,Budapest,HU11,Hungary,959999.76
Bugac - Szennyviztisztito Telep,46.685125,19.714048,3550,15336,Hungary,Dél-Alföld,HU33,Hungary,2556
Bugyi - Szennyviztisztito Telep,47.214089,19.18137,7269,31402.08,Hungary,Pest,HU12,Hungary,5233.68
Bujak - Szennyviztisztito Telep,47.863889,19.568129,2192,9469.44,Hungary,Észak-Magyarország,HU31,Hungary,1578.24
Buk - Szennyviztisztito Telep,47.368553,16.769328,17708,76498.56,Hungary,Nyugat-Dunántúl,HU22,Hungary,12749.76
Bukkosd - Szennyviztisztito Telep,46.102895,17.999217,1179,5093.28,Hungary,Dél-Dunántúl,HU23,Hungary,848.88
Bukkszek - Szennyviztisztito Telep,47.980097,20.171411,550,2376,Hungary,Észak-Magyarország,HU31,Hungary,396
Cece agglomeracios - Szennyviztisztito Telep,46.771776,18.615406,2644,11422.08,Hungary,Közép-Dunántúl,HU21,Hungary,1903.68
Cegled - Szennyviztisztito Telep,47.196609,19.7975,40625,175500,Hungary,Pest,HU12,Hungary,29250
Cegledbercel - Szennyviztisztito Telep,47.20426,19.679729,4391,18969.12,Hungary,Pest,HU12,Hungary,3161.52
Celldomolk - Szennyviztisztito Telep,47.266339,17.14235,12000,51840,Hungary,Közép-Dunántúl,HU21,Hungary,8640
Davod - Szennyviztisztito Telep,45.998034,18.893664,2563,11072.16,Hungary,Dél-Alföld,HU33,Hungary,1845.36
Chernelhazadamonya - Szennyviztisztito Telep,47.359821,16.856582,1600,6912,Hungary,Nyugat-Dunántúl,HU22,Hungary,1152
Cibakhaza - Szennyviztisztito Telep,46.97811,20.171914,3400,14688,Hungary,Észak-Alföld,HU32,Hungary,2448
Cigand - Szennyviztisztito Telep,48.250993,21.853307,6870,29678.4,Hungary,Észak-Alföld,HU32,Hungary,4946.4
Csabacsud - Szennyviztisztito Telep,46.818156,20.647669,2200,9504,Hungary,Dél-Alföld,HU33,Hungary,1584
Csabrendek - Szennyviztisztito Telep,47.012138,17.277743,5100,22032,Hungary,Közép-Dunántúl,HU21,Hungary,3672
Csakvar - Szennyviztisztito Telep,47.384286,18.498508,5563,24032.16,Hungary,Közép-Dunántúl,HU21,Hungary,4005.36
Dobogoko - Szennyviztisztito Telep,47.712583,18.899539,1000,4320,Hungary,Pest,HU12,Hungary,720
Csanadapaca - Szennyviztisztito Telep,46.552044,20.912231,2639,11400.48,Hungary,Dél-Alföld,HU33,Hungary,1900.08
Csanadpalota - Szennyviztisztito Telep,46.227458,20.725419,3820,16502.4,Hungary,Dél-Alföld,HU33,Hungary,2750.4
Csanytelek - Szennyviztisztito Telep,46.605343,20.127318,3787,16359.84,Hungary,Dél-Alföld,HU33,Hungary,2726.64
Csapi - Szennyviztisztito Telep,46.526837,17.0931,370,1598.4,Hungary,Nyugat-Dunántúl,HU22,Hungary,266.4
Csehimindszent - Szennyviztisztito Telep,47.042801,16.954807,398,1719.36,Hungary,Nyugat-Dunántúl,HU22,Hungary,286.56
Csemo - Szennyviztisztito Telep,47.101977,19.685992,2925,12636,Hungary,Pest,HU12,Hungary,2106
Csengod - Szennyviztisztito Telep,46.706588,19.250598,6000,25920,Hungary,Dél-Alföld,HU33,Hungary,4320
Csep Szennyviztisztito Telep,47.57229,18.068932,2744,11854.08,Hungary,Közép-Dunántúl,HU21,Hungary,1975.68
Csepreg - Szennyviztisztito Telep,47.395195,16.718065,7251,31324.32,Hungary,Nyugat-Dunántúl,HU22,Hungary,5220.72
Cserhathalap - Szennyviztisztito Telep,47.982005,19.362597,3833,16558.56,Hungary,Észak-Magyarország,HU31,Hungary,2759.76
Cserkeszolo - Szennyviztisztito Telep,46.856589,20.210114,2686,11603.52,Hungary,Észak-Alföld,HU32,Hungary,1933.92
Csikostottos - Szennyviztisztito Telep,46.349543,18.155139,890,3844.8,Hungary,Dél-Dunántúl,HU23,Hungary,640.8
Csolnok - Szennyviztisztito Telep,47.683468,18.710412,2750,11880,Hungary,Közép-Dunántúl,HU21,Hungary,1980
Csomor - Szennyviztisztito Telep,47.55043,19.215376,12729,54989.28,Hungary,Pest,HU12,Hungary,9164.88
Csongrad - Szennyviztisztito Telep,46.712956,20.185158,22933,99070.56,Hungary,Dél-Alföld,HU33,Hungary,16511.76
Csorna - Szennyviztisztito Telep,47.62101,17.274873,29822,128831.04,Hungary,Nyugat-Dunántúl,HU22,Hungary,21471.84
Csorvas - Szennyviztisztito Telep,46.653062,20.840806,5000,21600,Hungary,Dél-Alföld,HU33,Hungary,3600
Csurgo - Szennyviztisztito Telep,46.244225,17.096067,11367,49105.44,Hungary,Dél-Dunántúl,HU23,Hungary,8184.24
Dabas - Szennyviztisztito Telep,47.201746,19.326754,13175,56916,Hungary,Pest,HU12,Hungary,9486
Dag - Szennyviztisztito Telep,47.654856,18.7148,688,2972.16,Hungary,Közép-Dunántúl,HU21,Hungary,495.36
Dany - Szennyviztisztito Telep,47.50923,19.542698,5317,22969.44,Hungary,Pest,HU12,Hungary,3828.24
Debrecen - Szennyviztisztito Telep,47.502616,21.597194,675000,2916000,Hungary,Észak-Alföld,HU32,Hungary,486000
Decs - Szennyviztisztito Telep,46.302241,18.758206,8189,35376.48,Hungary,Dél-Dunántúl,HU23,Hungary,5896.08
Dejtar - Szennyviztisztito Telep,48.044933,19.146797,2000,8640,Hungary,Észak-Magyarország,HU31,Hungary,1440
Demecser - Szennyviztisztito Telep,48.115891,21.937536,13750,59400,Hungary,Észak-Alföld,HU32,Hungary,9900
Derecske - Szennyviztisztito Telep,47.344912,21.542288,10000,43200,Hungary,Észak-Alföld,HU32,Hungary,7200
Derekegyhaz - Szennyviztisztito Telep,46.562986,20.344934,1692,7309.44,Hungary,Dél-Alföld,HU33,Hungary,1218.24
Detek - Szennyviztisztito Telep,48.331809,21.013081,670,2894.4,Hungary,Észak-Magyarország,HU31,Hungary,482.4
Detk - Szennyvitisztito Telep,47.739126,20.108221,2100,9072,Hungary,Észak-Magyarország,HU31,Hungary,1512
Devavanya - Szennyviztisztito Telep,47.011873,20.969302,6100,26352,Hungary,Dél-Alföld,HU33,Hungary,4392
Devecser Szennyviztisztito Telep,47.113627,17.416591,5000,21600,Hungary,Közép-Dunántúl,HU21,Hungary,3600
Doba - Szennyviztisztito Telep,47.169395,17.386648,696,3006.72,Hungary,Közép-Dunántúl,HU21,Hungary,501.12
Doboz - Szennyviztisztito Telep,46.746328,21.21884,4625,19980,Hungary,Dél-Alföld,HU33,Hungary,3330
Doge - Szennyviztisztito Telep,48.249967,22.067621,6717,29017.44,Hungary,Észak-Alföld,HU32,Hungary,4836.24
Domahaza - Szennyviztisztito Telep,48.191878,20.108294,520,2246.4,Hungary,Észak-Magyarország,HU31,Hungary,374.4
Dombovar - Szennyviztisztito Telep,46.378569,18.163266,27865,120376.8,Hungary,Dél-Dunántúl,HU23,Hungary,20062.8
Dombrad - Szennyviztisztito Telep,48.239588,21.905924,5700,24624,Hungary,Észak-Alföld,HU32,Hungary,4104
Domoszlo - Szennyviztisztito Telep,47.828736,20.146149,2108,9106.56,Hungary,Észak-Magyarország,HU31,Hungary,1517.76
Dorog - Szennyviztisztito Telep,47.742424,18.713687,19667,84961.44,Hungary,Közép-Dunántúl,HU21,Hungary,14160.24
Dravacsepely - Szennyviztisztito Telep,45.839568,18.130739,222,959.04,Hungary,Dél-Dunántúl,HU23,Hungary,159.84
Dubicsany - Szennyviztisztito Telep,48.281079,20.489727,200,864,Hungary,Észak-Magyarország,HU31,Hungary,144
Dudar - Szennyviztisztito Telep,47.310497,17.957352,6920,29894.4,Hungary,Közép-Dunántúl,HU21,Hungary,4982.4
Dunaalmas (Almasfuzito) - Szennyviztisztito Telep,47.726309,18.310067,5089,21984.48,Hungary,Közép-Dunántúl,HU21,Hungary,3664.08
Dunaharaszti - Szennyviztisztito Telep,47.325399,19.097085,40074,173119.68,Hungary,Pest,HU12,Hungary,28853.28
Dunakeszi - Szennyviztisztito Telep,47.614189,19.129151,82500,356400,Hungary,Pest,HU12,Hungary,59400
Dunaszekcso - Szennyviztisztito Telep,46.065571,18.741035,3750,16200,Hungary,Dél-Dunántúl,HU23,Hungary,2700
Dunaujvaros - Szennyviztisztito Telep,46.951412,18.957928,75000,324000,Hungary,Dél-Alföld,HU33,Hungary,54000
Dunavarsany - Szennyviztisztito Telep,47.295669,19.059307,35244,152254.08,Hungary,Pest,HU12,Hungary,25375.68
Ecs - Szennyviztisztito Telep,47.562384,17.722387,21826,94288.32,Hungary,Nyugat-Dunántúl,HU22,Hungary,15714.72
Edeleny - Szennyviztisztito Telep,48.286764,20.741333,7125,30780,Hungary,Észak-Magyarország,HU31,Hungary,5130
Eger - Szennyviztisztito Telep,47.869731,20.396505,83400,360288,Hungary,Észak-Magyarország,HU31,Hungary,60048
Egercsehi - Szennyviztisztito Telep,48.043354,20.268424,1233,5326.56,Hungary,Észak-Magyarország,HU31,Hungary,887.76
Egyek - Szennyviztisztito Telep,47.627804,20.917122,5880,25401.6,Hungary,Észak-Alföld,HU32,Hungary,4233.6
Egyhazashetye - Szennyviztisztito Telep,47.172013,17.126935,4167,18001.44,Hungary,Közép-Dunántúl,HU21,Hungary,3000.24
Egyhazaskozar - Szennyviztisztito Telep,46.327421,18.327996,837,3615.84,Hungary,Dél-Dunántúl,HU23,Hungary,602.64
Egyhazasradoc - Szennyviztisztito Telep,47.074346,16.628794,1500,6480,Hungary,Nyugat-Dunántúl,HU22,Hungary,1080
Elek - Szennyviztisztito Telep,46.538708,21.26767,5100,22032,Hungary,Dél-Alföld,HU33,Hungary,3672
Eloszallas - Szennyviztisztito Telep,46.833,18.844942,2445,10562.4,Hungary,Közép-Dunántúl,HU21,Hungary,1760.4
Emod - Szennyviztisztito Telep,47.936221,20.836186,9420,40694.4,Hungary,Észak-Magyarország,HU31,Hungary,6782.4
Encs - Szennyviztisztito Telep,48.323693,21.130452,8803,38028.96,Hungary,Észak-Magyarország,HU31,Hungary,6338.16
Encsencs - Szennyviztisztito Telep,47.751819,22.129255,6007,25950.24,Hungary,Észak-Alföld,HU32,Hungary,4325.04
Enying agglomeracios - Szennyviztisztito Telep,46.904003,18.257497,7600,32832,Hungary,Közép-Dunántúl,HU21,Hungary,5472
Epleny - Szennyviztisztito Telep,47.201145,17.918845,600,2592,Hungary,Közép-Dunántúl,HU21,Hungary,432
Epol - Szennyviztisztito Telep,47.652365,18.641857,3500,15120,Hungary,Közép-Dunántúl,HU21,Hungary,2520
Ercsi-Also Sinatelep - Szennyviztisztito Telep,47.177213,18.857042,330,1425.6,Hungary,Közép-Dunántúl,HU21,Hungary,237.6
Ercsi-Sinatelep - Szennyviztisztito Telep,47.178335,18.862249,183,790.56,Hungary,Közép-Dunántúl,HU21,Hungary,131.76
Ercsi - Szennyviztisztito Telep,47.239233,18.893937,8946,38646.72,Hungary,Pest,HU12,Hungary,6441.12
Erd - Szennyviztisztito Telep,47.372759,18.935919,145733,629566.56,Hungary,Pest,HU12,Hungary,104927.76
Erdotelek - Szennyviztisztito Telep,47.680108,20.337932,3533,15262.56,Hungary,Észak-Magyarország,HU31,Hungary,2543.76
Ersekvadkert - Szennyviztisztito Telep,47.988209,19.224823,5000,21600,Hungary,Észak-Magyarország,HU31,Hungary,3600
Esztergalyhorvati - Szennyviztisztito Telep,46.701184,17.111535,625,2700,Hungary,Nyugat-Dunántúl,HU22,Hungary,450
Etyek - Szennyviztisztito Telep,47.462,18.729231,8334,36002.88,Hungary,Közép-Dunántúl,HU21,Hungary,6000.48
Fabiansebestyen - Szennyviztisztito Telep,46.681983,20.439347,2346,10134.72,Hungary,Dél-Alföld,HU33,Hungary,1689.12
Fajsz - Szennyviztisztito Telep,46.427174,18.914856,6260,27043.2,Hungary,Dél-Alföld,HU33,Hungary,4507.2
Fegyvernek - Szennyviztisztito Telep,47.250895,20.493886,7627,32948.64,Hungary,Észak-Alföld,HU32,Hungary,5491.44
Kirald - Szennyviztisztito Telep,48.245976,20.383153,1250,5400,Hungary,Észak-Magyarország,HU31,Hungary,900
Fehergyarmat - Szennyviztisztito Telep,47.999147,22.520169,14689,63456.48,Hungary,Észak-Alföld,HU32,Hungary,10576.08
Fehervarcsurgo - Szennyviztisztito Telep,47.281372,18.285605,2000,8640,Hungary,Közép-Dunántúl,HU21,Hungary,1440
Felsovadasz - Szennyviztisztito Telep,48.368672,20.917094,400,1728,Hungary,Észak-Magyarország,HU31,Hungary,288
Fertoendred - Szennyviztisztito Telep,47.618121,16.91983,20977,90620.64,Hungary,Nyugat-Dunántúl,HU22,Hungary,15103.44
Foldes - Szennyviztisztito Telep,47.300219,21.367004,3675,15876,Hungary,Észak-Alföld,HU32,Hungary,2646
Forraskut - Szennyviztisztito Telep,46.340307,19.907588,11750,50760,Hungary,Dél-Alföld,HU33,Hungary,8460
Fulopszallas - Szennyviztisztito Telep,46.808364,19.242676,4480,19353.6,Hungary,Dél-Alföld,HU33,Hungary,3225.6
Fuzesabony - Szennyviztisztito Telep,47.733512,20.421004,12000,51840,Hungary,Észak-Magyarország,HU31,Hungary,8640
Fuzesgyarmat - Szennyviztisztito Telep,47.107867,21.197263,6850,29592,Hungary,Észak-Alföld,HU32,Hungary,4932
Gadoros - Szennyviztisztito Telep,46.67298,20.611284,3500,15120,Hungary,Dél-Alföld,HU33,Hungary,2520
Galgaguta Uj - Szennyviztisztito Telep,47.830876,19.394877,6628,28632.96,Hungary,Észak-Magyarország,HU31,Hungary,4772.16
Gara - Szennyviztisztito Telep,46.021568,19.045658,2596,11214.72,Hungary,Dél-Alföld,HU33,Hungary,1869.12
Garab - Szennyviztisztito Telep,47.978861,19.636227,150,648,Hungary,Észak-Magyarország,HU31,Hungary,108
Gardony - Szennyviztisztito Telep,47.18272,18.585046,86333,372958.56,Hungary,Közép-Dunántúl,HU21,Hungary,62159.76
Gavavencsello Uj - Szennyviztisztito Telep,48.167354,21.59637,4319,18658.08,Hungary,Észak-Magyarország,HU31,Hungary,3109.68
Gellenhaza - Szennyviztisztito Telep,46.760379,16.788657,2200,9504,Hungary,Nyugat-Dunántúl,HU22,Hungary,1584
Gelse - Szennyviztisztito Telep,46.604001,16.975072,500,2160,Hungary,Nyugat-Dunántúl,HU22,Hungary,360
Gelsesziget - Szennyviztisztito Telep,46.569902,16.984751,91,393.12,Hungary,Nyugat-Dunántúl,HU22,Hungary,65.52
Geresdlak - Szennyviztisztito Telep,46.105196,18.535012,800,3456,Hungary,Dél-Dunántúl,HU23,Hungary,576
Gersekarat - Szennyviztisztito Telep,46.961847,16.764749,1000,4320,Hungary,Nyugat-Dunántúl,HU22,Hungary,720
Godollo - Szennyviztisztito Telep,47.5773,19.358397,60000,259200,Hungary,Pest,HU12,Hungary,43200
Gomorszolos - Szennyviztisztito Telep,48.36946,20.427739,50,216,Hungary,Észak-Magyarország,HU31,Hungary,36
Gonc - Szennyviztisztito Telep,48.467696,21.265907,1900,8208,Hungary,Észak-Magyarország,HU31,Hungary,1368
Gorbehaza - Szennyviztisztito Telep,47.8276,21.211924,2640,11404.8,Hungary,Észak-Alföld,HU32,Hungary,1900.8
Gorcsony-Szennyviztisztito Telep,45.965405,18.136387,348,1503.36,Hungary,Dél-Dunántúl,HU23,Hungary,250.56
Gutorfolde - Szennyviztisztito Telep,46.651464,16.737072,1200,5184,Hungary,Nyugat-Dunántúl,HU22,Hungary,864
Gyarmat Szennyviztisztito Telep,47.452215,17.479979,1375,5940,Hungary,Nyugat-Dunántúl,HU22,Hungary,990
Gyermely - Szennyviztisztito Telep,47.613161,18.63964,2033,8782.56,Hungary,Közép-Dunántúl,HU21,Hungary,1463.76
Gyomaendrod - Szennyviztisztito Telep,46.923951,20.756303,16846,72774.72,Hungary,Dél-Alföld,HU33,Hungary,12129.12
Gyomro - Szennyviztisztito Telep,47.404587,19.377248,32000,138240,Hungary,Pest,HU12,Hungary,23040
Gyongyos - Szennyviztisztito Telep,47.760587,19.908436,99333,429118.56,Hungary,Észak-Magyarország,HU31,Hungary,71519.76
Gyongyosoroszi - Karolytaro - Szennyviztisztito Telep,47.866824,19.870201,137,591.84,Hungary,Észak-Magyarország,HU31,Hungary,98.64
Gyongyospata - Szennyviztisztito Telep,47.803266,19.799802,1208,5218.56,Hungary,Észak-Magyarország,HU31,Hungary,869.76
Gyongyostarjan - Szennyviztisztito Telep,47.799744,19.885119,1666,7197.12,Hungary,Észak-Magyarország,HU31,Hungary,1199.52
Gyonk - Szennyviztisztito Telep,46.542263,18.491638,1297,5603.04,Hungary,Dél-Dunántúl,HU23,Hungary,933.84
Gyor - Szennyviztisztito Telep,47.729906,17.685262,375000,1620000,Hungary,Nyugat-Dunántúl,HU22,Hungary,270000
Gyorsovenyhaz - Szennyviztisztito Telep,47.703778,17.373259,858,3706.56,Hungary,Nyugat-Dunántúl,HU22,Hungary,617.76
Gyula - Szennyviztisztito Telep,46.624089,21.268091,104000,449280,Hungary,Dél-Alföld,HU33,Hungary,74880
Gyulahaza - Szennyviztisztito Telep,48.137659,22.099857,6250,27000,Hungary,Észak-Alföld,HU32,Hungary,4500
Hahot - Szennyviztisztito Telep,46.642939,16.92946,500,2160,Hungary,Nyugat-Dunántúl,HU22,Hungary,360
Hajduboszormeny - Szennyviztisztito Telep,47.676946,21.485494,63500,274320,Hungary,Észak-Alföld,HU32,Hungary,45720
Hajduhadhaz - Szennyviztisztito Telep,47.69132,21.658238,19265,83224.8,Hungary,Észak-Alföld,HU32,Hungary,13870.8
Hajdunanas - Szennyviztisztito Telep,47.821827,21.406308,21000,90720,Hungary,Észak-Alföld,HU32,Hungary,15120
Hajduszoboszlo - Szennyviztisztito Telep,47.428253,21.371137,35783,154582.56,Hungary,Észak-Alföld,HU32,Hungary,25763.76
Patyod - Szennyviztisztito Telep,47.867061,22.638561,500,2160,Hungary,Észak-Alföld,HU32,Hungary,360
Hajduszovat - Szennyviztisztito Telep,47.395279,21.48789,2542,10981.44,Hungary,Észak-Alföld,HU32,Hungary,1830.24
Hajos - Szennyviztisztito Telep,46.396526,19.151515,6600,28512,Hungary,Dél-Alföld,HU33,Hungary,4752
Halmaj - Szennyviztisztito Telep,48.238317,21.00826,7000,30240,Hungary,Észak-Magyarország,HU31,Hungary,5040
Halmajugra - Szennyviztisztito Telep,47.756199,20.062941,1150,4968,Hungary,Észak-Magyarország,HU31,Hungary,828
Harc-Szennyviztisztito Telep,46.397675,18.626807,755,3261.6,Hungary,Dél-Dunántúl,HU23,Hungary,543.6
Harkany - Szennyviztisztito Telep,45.840768,18.233136,13333,57598.56,Hungary,Dél-Dunántúl,HU23,Hungary,9599.76
Harskut - Szennyviztisztito Telep,47.188507,17.793194,530,2289.6,Hungary,Közép-Dunántúl,HU21,Hungary,381.6
Harta - Szennyviztisztito Telep,46.684444,19.018067,8574,37039.68,Hungary,Dél-Alföld,HU33,Hungary,6173.28
Hatvan - Szennyviztisztito Telep,47.66112,19.680952,32667,141121.44,Hungary,Észak-Magyarország,HU31,Hungary,23520.24
Hedervar - Szennyviztisztito Telep,47.821453,17.457449,12000,51840,Hungary,Nyugat-Dunántúl,HU22,Hungary,8640
Hegyesd - Szennyviztisztito Telep,46.905986,17.519577,2895,12506.4,Hungary,Közép-Dunántúl,HU21,Hungary,2084.4
Hegyeshalom - Szennyviztisztito Telep,47.916971,17.171099,8400,36288,Hungary,Nyugat-Dunántúl,HU22,Hungary,6048
Hegyhathodasz Szennyviztisztito Telep,46.9333,16.660984,180,777.6,Hungary,Nyugat-Dunántúl,HU22,Hungary,129.6
Hegyhatszentjakab - Szennyviztisztito Telep,46.859105,16.549548,700,3024,Hungary,Nyugat-Dunántúl,HU22,Hungary,504
Hegymagas - Szennyviztisztito Telep,46.830465,17.428059,652,2816.64,Hungary,Közép-Dunántúl,HU21,Hungary,469.44
Hegymeg - Szennyviztisztito Telep,48.329462,20.863823,50,216,Hungary,Észak-Magyarország,HU31,Hungary,36
Hehalom - Szennyviztisztito Telep,47.765913,19.580842,5200,22464,Hungary,Észak-Magyarország,HU31,Hungary,3744
Herceghalom - Szennyviztisztito Telep,47.498294,18.759936,6250,27000,Hungary,Pest,HU12,Hungary,4500
Hercegszanto - Szennyviztisztito Telep,45.935455,18.951498,2086,9011.52,Hungary,Dél-Alföld,HU33,Hungary,1501.92
Hered Uj - Szennyviztisztito telep,47.695127,19.629604,2749,11875.68,Hungary,Észak-Magyarország,HU31,Hungary,1979.28
Hereg - Szennyviztisztito Telep,47.639538,18.520878,408,1762.56,Hungary,Közép-Dunántúl,HU21,Hungary,293.76
Herend - Szennyviztisztito Telep,47.128305,17.758815,7100,30672,Hungary,Közép-Dunántúl,HU21,Hungary,5112
Hernadszentandras - Szennyviztisztito Telep,48.293997,21.084594,5400,23328,Hungary,Észak-Magyarország,HU31,Hungary,3888
Hetes - Szennyviztisztito Telep,46.415336,17.700282,2000,8640,Hungary,Dél-Dunántúl,HU23,Hungary,1440
Hetvehely - Szennyviztisztito Telep,46.123626,18.028876,725,3132,Hungary,Dél-Dunántúl,HU23,Hungary,522
Heves - Szennyviztisztito Telep,47.581815,20.283845,10812,46707.84,Hungary,Észak-Magyarország,HU31,Hungary,7784.64
Hidasnemeti - Szennyviztisztito Telep,48.494658,21.219306,2139,9240.48,Hungary,Észak-Magyarország,HU31,Hungary,1540.08
Himeshaza - Szennyviztisztito Telep,46.085909,18.585161,3708,16018.56,Hungary,Dél-Dunántúl,HU23,Hungary,2669.76
Hodasz - Szennyviztisztito Telep,47.903338,22.220877,2462,10635.84,Hungary,Észak-Alföld,HU32,Hungary,1772.64
Hodmezovasarhely - Szennyviztisztito Telep,46.406565,20.330927,66200,285984,Hungary,Dél-Alföld,HU33,Hungary,47664
Hogyesz - Szennyviztisztito Telep,46.490689,18.439398,3350,14472,Hungary,Dél-Dunántúl,HU23,Hungary,2412
Hollohaza-Gyartelepi - Szennyviztisztito Telep,48.527203,21.431571,250,1080,Hungary,Észak-Magyarország,HU31,Hungary,180
Hollohaza-Lakotelepi - Szennyviztisztito Telep,48.531849,21.416833,104,449.28,Hungary,Észak-Magyarország,HU31,Hungary,74.88
Homrogd Szennyviztisztito Telep,48.278448,20.908632,1000,4320,Hungary,Észak-Magyarország,HU31,Hungary,720
Horpacs - Szennyviztisztito Telep,47.999336,19.132116,2750,11880,Hungary,Észak-Magyarország,HU31,Hungary,1980
Hort - Szennyviztisztito Telep,47.689709,19.809396,1666,7197.12,Hungary,Észak-Magyarország,HU31,Hungary,1199.52
Hortobagy - Szennyviztisztito Telep,47.575292,21.156029,2205,9525.6,Hungary,Észak-Alföld,HU32,Hungary,1587.6
Hosszuheteny - Szennyviztisztito Telep,46.144824,18.346379,5161,22295.52,Hungary,Dél-Dunántúl,HU23,Hungary,3715.92
Hosszupalyi - Szennyviztisztito Telep,47.378972,21.72351,10121,43722.72,Hungary,Észak-Alföld,HU32,Hungary,7287.12
Hunyadfalva - Szennyviztisztito Telep,47.305554,20.362143,5687,24567.84,Hungary,Észak-Alföld,HU32,Hungary,4094.64
Ibrany - Szennyviztisztito Telep,48.122181,21.729426,12243,52889.76,Hungary,Észak-Alföld,HU32,Hungary,8814.96
Igal - Szennyviztisztito Telep,46.52015,17.941861,1600,6912,Hungary,Dél-Dunántúl,HU23,Hungary,1152
Imola - Szennyviztisztito Telep,48.416375,20.558122,50,216,Hungary,Észak-Magyarország,HU31,Hungary,36
Iregszemcse - Szennyviztisztito Telep,46.684489,18.193136,2700,11664,Hungary,Dél-Dunántúl,HU23,Hungary,1944
Isaszeg - Szennyviztisztito Telep,47.526936,19.369524,13333,57598.56,Hungary,Pest,HU12,Hungary,9599.76
Ivanc - Szennyviztisztito Telep,46.948477,16.509263,2875,12420,Hungary,Nyugat-Dunántúl,HU22,Hungary,2070
Ivancsa - Szennyviztisztito Telep,47.136595,18.830573,5200,22464,Hungary,Közép-Dunántúl,HU21,Hungary,3744
Izsak - Szennyviztisztito Telep,46.817397,19.342985,12813,55352.16,Hungary,Dél-Alföld,HU33,Hungary,9225.36
Jak - Szennyviztisztito Telep,47.148229,16.597115,1167,5041.44,Hungary,Nyugat-Dunántúl,HU22,Hungary,840.24
Jakabszallas - Szennyviztisztito Telep,46.764353,19.62154,2199,9499.68,Hungary,Dél-Alföld,HU33,Hungary,1583.28
Janoshalma Uj - Szennyviztisztito Telep,46.285702,19.321114,9833,42478.56,Hungary,Dél-Alföld,HU33,Hungary,7079.76
Janoshaza - Szennyviztisztito Telep,47.12796,17.1637,4505,19461.6,Hungary,Közép-Dunántúl,HU21,Hungary,3243.6
Jaszdozsa - Szennyviztisztito Telep,47.562999,20.00063,2000,8640,Hungary,Észak-Alföld,HU32,Hungary,1440
Janoshida - Szennyviztisztito Telep,47.392423,20.045214,2850,12312,Hungary,Észak-Alföld,HU32,Hungary,2052
Janossomorja - Szennyviztisztito Telep,47.799847,17.173947,8750,37800,Hungary,Nyugat-Dunántúl,HU22,Hungary,6300
Jasd - Szennyviztisztito Telep,47.284713,18.038022,750,3240,Hungary,Közép-Dunántúl,HU21,Hungary,540
Jaszapati - Szennyviztisztito Telep,47.463806,20.155397,19280,83289.6,Hungary,Észak-Alföld,HU32,Hungary,13881.6
Jaszarokszallas - Szennyviztisztito Telep,47.628834,19.976353,14600,63072,Hungary,Észak-Alföld,HU32,Hungary,10512
Jaszbereny - Szennyviztisztito Telep,47.491908,19.942765,48267,208513.44,Hungary,Észak-Alföld,HU32,Hungary,34752.24
Jaszfenyszaru - Szennyviztisztito Telep,47.562448,19.711748,9803,42348.96,Hungary,Észak-Alföld,HU32,Hungary,7058.16
Jaszkarajeno - Szennyviztisztito Telep,47.041367,20.098205,2707,11694.24,Hungary,Észak-Alföld,HU32,Hungary,1949.04
Jaszladany - Szennyviztisztito Telep,47.366584,20.12741,4400,19008,Hungary,Észak-Alföld,HU32,Hungary,3168
Jaszszentlaszlo - Szennyviztisztito Telep,46.569921,19.772072,2585,11167.2,Hungary,Dél-Alföld,HU33,Hungary,1861.2
Jasztelek - Szennyviztisztito Telep,47.488408,19.985172,1720,7430.4,Hungary,Észak-Alföld,HU32,Hungary,1238.4
Juta - Szennyviztisztito Telep,46.400402,17.736573,1700,7344,Hungary,Dél-Dunántúl,HU23,Hungary,1224
Kaba-Cukorgyar - Szennyviztisztito Telep,47.344827,21.251039,1458,6298.56,Hungary,Észak-Alföld,HU32,Hungary,1049.76
Kaba - Szennyviztisztito Telep,47.346047,21.253338,8667,37441.44,Hungary,Észak-Alföld,HU32,Hungary,6240.24
Kacorlak - Szennyviztisztito Telep,46.578831,16.949918,169,730.08,Hungary,Nyugat-Dunántúl,HU22,Hungary,121.68
Kacsota - Szennyviztisztito Telep,46.039803,17.948364,293,1265.76,Hungary,Dél-Dunántúl,HU23,Hungary,210.96
Kadarkut - Szennyviztisztito Telep,46.207512,17.610972,2895,12506.4,Hungary,Dél-Dunántúl,HU23,Hungary,2084.4
Kal - Szennyviztisztito Telep,47.723091,20.245884,10000,43200,Hungary,Észak-Magyarország,HU31,Hungary,7200
Kallosemjen - Szennyviztisztito Telep,47.868238,21.916677,4403,19020.96,Hungary,Észak-Alföld,HU32,Hungary,3170.16
Kalocsa - Szennyviztisztito Telep,46.512768,18.984753,41573,179595.36,Hungary,Dél-Alföld,HU33,Hungary,29932.56
Kam - Szennyviztisztito Telep,47.110886,16.883723,472,2039.04,Hungary,Nyugat-Dunántúl,HU22,Hungary,339.84
Kanyavar - Szennyviztisztito telep,46.575802,16.676942,120,518.4,Hungary,Nyugat-Dunántúl,HU22,Hungary,86.4
Kaposmero - Szennyviztisztito Telep,46.356452,17.711846,2800,12096,Hungary,Dél-Dunántúl,HU23,Hungary,2016
Kaposszekcso - Szennyviztisztito Telep,46.321797,18.148901,4017,17353.44,Hungary,Dél-Dunántúl,HU23,Hungary,2892.24
Kaposvar - Szennyviztisztito Telep,46.362713,17.874002,131050,566136,Hungary,Dél-Dunántúl,HU23,Hungary,94356
Kapuvar - Szennyviztisztito Telep,47.607727,17.041111,46166,199437.12,Hungary,Nyugat-Dunántúl,HU22,Hungary,33239.52
Karacsond - Szennyviztisztito Telep,47.716711,20.040081,3208,13858.56,Hungary,Észak-Magyarország,HU31,Hungary,2309.76
Karad - Szennyviztisztito Telep,46.679823,17.886194,4750,20520,Hungary,Dél-Dunántúl,HU23,Hungary,3420
Karcag - Szennyviztisztito Telep,47.317414,20.943839,26666,115197.12,Hungary,Észak-Alföld,HU32,Hungary,19199.52
Kaszaper - Szennyviztisztito Telep,46.450499,20.829569,2250,9720,Hungary,Dél-Alföld,HU33,Hungary,1620
Kelebia - Szennyviztisztito Telep,46.212796,19.599039,2865,12376.8,Hungary,Dél-Alföld,HU33,Hungary,2062.8
Kaszopuszta - Szennyviztisztito Telep,46.320221,17.226662,720,3110.4,Hungary,Dél-Dunántúl,HU23,Hungary,518.4
Katymar - Szennyviztisztito Telep,46.046836,19.241169,5026,21712.32,Hungary,Dél-Alföld,HU33,Hungary,3618.72
Kazincbarcika - Szennyviztisztito Telep,48.254389,20.647096,53800,232416,Hungary,Észak-Magyarország,HU31,Hungary,38736
Kecel - Szennyviztisztito Telep,46.508123,19.292571,10333,44638.56,Hungary,Dél-Alföld,HU33,Hungary,7439.76
Kecskemet - Szennyviztisztito Telep,46.892695,19.714354,240000,1036800,Hungary,Dél-Alföld,HU33,Hungary,172800
Kehidakustany - Szennyviztisztito Telep,46.824831,17.10297,4900,21168,Hungary,Nyugat-Dunántúl,HU22,Hungary,3528
Kelemer - Szennyviztisztito Telep,48.351586,20.421773,240,1036.8,Hungary,Észak-Magyarország,HU31,Hungary,172.8
Kemecse - Szennyviztisztito Telep,48.071198,21.783298,10433,45070.56,Hungary,Észak-Alföld,HU32,Hungary,7511.76
Kemenesmihalyfa - Szennyviztisztito Telep,47.281408,17.123067,600,2592,Hungary,Nyugat-Dunántúl,HU22,Hungary,432
Kemenessomjen - Szennyviztisztito Telep,47.282714,17.15284,700,3024,Hungary,Közép-Dunántúl,HU21,Hungary,504
Kemenesszentmarton - Szennyviztisztito Telep,47.290717,17.166748,250,1080,Hungary,Közép-Dunántúl,HU21,Hungary,180
Kemenesszentpeter - Szennyviztisztito Telep,47.428987,17.234798,600,2592,Hungary,Nyugat-Dunántúl,HU22,Hungary,432
Kenderes - Szennyviztisztito Telep,47.26989,20.680525,4686,20243.52,Hungary,Észak-Alföld,HU32,Hungary,3373.92
Kenezlo - Szennyviztisztito Telep,48.198234,21.549929,3045,13154.4,Hungary,Észak-Magyarország,HU31,Hungary,2192.4
Kenyeri - Szennyviztisztito Telep,47.386548,17.083729,2950,12744,Hungary,Nyugat-Dunántúl,HU22,Hungary,2124
Kerecsend - Szennyviztisztito Telep,47.784319,20.336361,3783,16342.56,Hungary,Észak-Magyarország,HU31,Hungary,2723.76
Keszthely - Szennyviztisztito Telep,46.736854,17.236624,120890,522244.8,Hungary,Nyugat-Dunántúl,HU22,Hungary,87040.8
Ketegyhaza - Szennyviztisztito Telep,46.547445,21.175184,3753,16212.96,Hungary,Dél-Alföld,HU33,Hungary,2702.16
Kethely - Szennyviztisztito Telep,46.668548,17.407826,56327,243332.64,Hungary,Dél-Dunántúl,HU23,Hungary,40555.44
Kincsesbanya - Szennyviztisztito Telep,47.28191,18.286594,4117,17785.44,Hungary,Közép-Dunántúl,HU21,Hungary,2964.24
Kiralyegyhaza - Szennyviztisztito Telep,45.982945,17.9857,1868,8069.76,Hungary,Dél-Dunántúl,HU23,Hungary,1344.96
Kiralyszentistvan - Szennyviztisztito Telep,47.10857,18.02885,4940,21340.8,Hungary,Közép-Dunántúl,HU21,Hungary,3556.8
Kisbarkany - Szennyviztisztito Telep,48.011996,19.690133,200,864,Hungary,Észak-Magyarország,HU31,Hungary,144
Kisber - Szennyviztisztito Telep,47.50781,18.027921,8330,35985.6,Hungary,Közép-Dunántúl,HU21,Hungary,5997.6
Kisber uj - Szennyviztisztito Telep,47.508256,18.027732,6153,26580.96,Hungary,Közép-Dunántúl,HU21,Hungary,4430.16
Kisdobsza - Szennyviztisztito Telep,46.016342,17.662858,950,4104,Hungary,Dél-Dunántúl,HU23,Hungary,684
Kisdorog - Szennyviztisztito Telep,46.392253,18.505638,750,3240,Hungary,Dél-Dunántúl,HU23,Hungary,540
Kiskore - Szennyviztisztito Telep,47.489708,20.510445,13734,59330.88,Hungary,Észak-Alföld,HU32,Hungary,9888.48
Kiskoros - Szennyviztisztito Telep,46.629918,19.271643,33500,144720,Hungary,Dél-Alföld,HU33,Hungary,24120
Kiskunfelegyhaza - Szennyviztisztito Telep,46.710657,19.871216,49166,212397.12,Hungary,Dél-Alföld,HU33,Hungary,35399.52
Kiskunhalas - Szennyviztisztito Telep,46.440124,19.511682,32032,138378.24,Hungary,Dél-Alföld,HU33,Hungary,23063.04
Kiskunlachaza - Szennyviztisztito Telep,47.177305,19.025061,12000,51840,Hungary,Pest,HU12,Hungary,8640
Kiskunmajsa - Szennyviztisztito Telep,46.491646,19.7613,9000,38880,Hungary,Dél-Alföld,HU33,Hungary,6480
Kislang - Szennyviztisztito Telep,46.950054,18.370659,2700,11664,Hungary,Közép-Dunántúl,HU21,Hungary,1944
Kisrecse - Szennyviztisztito Telep,46.496078,17.056984,199,859.68,Hungary,Nyugat-Dunántúl,HU22,Hungary,143.28
Kisszallas - Szennyviztisztito Telep,46.290327,19.490528,2325,10044,Hungary,Dél-Alföld,HU33,Hungary,1674
Kistelek - Szennyviztisztito Telep,46.46032,19.977305,8470,36590.4,Hungary,Dél-Alföld,HU33,Hungary,6098.4
Kisujszallas - Szennyviztisztito Telep,47.228873,20.746015,8515,36784.8,Hungary,Észak-Alföld,HU32,Hungary,6130.8
Kisvarda - Szennyviztisztito Telep,48.223186,22.054702,70958,306538.56,Hungary,Észak-Alföld,HU32,Hungary,51089.76
Kisvejke - Szennyviztisztito Telep,46.38196,18.42412,417,1801.44,Hungary,Dél-Dunántúl,HU23,Hungary,300.24
Klarafalva - Szennyviztisztito Telep,46.207017,20.323188,1950,8424,Hungary,Dél-Alföld,HU33,Hungary,1404
Kocs - Szennyviztisztito Telep,47.614991,18.211342,2750,11880,Hungary,Közép-Dunántúl,HU21,Hungary,1980
Kocsord - Szennyviztisztito Telep,47.949013,22.381998,2700,11664,Hungary,Észak-Alföld,HU32,Hungary,1944
Kolcse - Szennyviztisztito Telep,48.070746,22.706265,2697,11651.04,Hungary,Észak-Alföld,HU32,Hungary,1941.84
Kolesd - Szennyviztisztito Telep,46.519547,18.590464,2339,10104.48,Hungary,Dél-Dunántúl,HU23,Hungary,1684.08
Kolontar - Szennyviztisztito Telep,47.086898,17.47911,950,4104,Hungary,Közép-Dunántúl,HU21,Hungary,684
Komadi - Szennyviztisztito Telep,47.014207,21.470541,5667,24481.44,Hungary,Észak-Alföld,HU32,Hungary,4080.24
Komarom - Szennyviztisztito Telep,47.736448,18.207336,57067,246529.44,Hungary,Közép-Dunántúl,HU21,Hungary,41088.24
Komlo - Szennyviztisztito Telep,46.222156,18.237818,67500,291600,Hungary,Dél-Dunántúl,HU23,Hungary,48600
Kondoros - Szennyviztisztito Telep,46.761838,20.775737,4794,20710.08,Hungary,Dél-Alföld,HU33,Hungary,3451.68
Konyar - Szennyviztisztito Telep,47.314289,21.656071,2812,12147.84,Hungary,Észak-Alföld,HU32,Hungary,2024.64
Kormend - Szennyviztisztito Telep,47.011379,16.624278,20000,86400,Hungary,Nyugat-Dunántúl,HU22,Hungary,14400
Korom - Szennyviztisztito Telep,47.975773,20.960065,14925,64476,Hungary,Észak-Magyarország,HU31,Hungary,10746
Korosladany - Szennyviztisztito Telep,46.953513,21.053641,5107,22062.24,Hungary,Dél-Alföld,HU33,Hungary,3677.04
Korostarcsa - Szennyviztisztito Telep,46.894506,21.020618,2667,11521.44,Hungary,Dél-Alföld,HU33,Hungary,1920.24
Kovacsvagas - Szennyviztisztito Telep,48.459498,21.531944,123,531.36,Hungary,Észak-Magyarország,HU31,Hungary,88.56
Koveskal - Szennyviztisztito Telep,46.879633,17.616796,1766,7629.12,Hungary,Közép-Dunántúl,HU21,Hungary,1271.52
Kozard - Szennyviztisztito Telep,47.910913,19.615127,300,1296,Hungary,Észak-Magyarország,HU31,Hungary,216
Kozmadombja - Szennyviztisztito Telep,46.766001,16.563314,833,3598.56,Hungary,Nyugat-Dunántúl,HU22,Hungary,599.76
Krasznokvajda Szennyviztisztito Telep,48.468189,20.96537,600,2592,Hungary,Észak-Magyarország,HU31,Hungary,432
Kulsovat Szennyviztisztito Telep,47.301849,17.223712,800,3456,Hungary,Közép-Dunántúl,HU21,Hungary,576
Kunadacs - Szennyviztisztito Telep,46.961557,19.292795,1298,5607.36,Hungary,Dél-Alföld,HU33,Hungary,934.56
Kunagota - Szennyviztisztito Telep,46.445634,21.038926,5000,21600,Hungary,Dél-Alföld,HU33,Hungary,3600
Kunfeherto - Szennyviztisztito Telep,46.366536,19.395081,4606,19897.92,Hungary,Dél-Alföld,HU33,Hungary,3316.32
Kunmadaras - Szennyviztisztito Telep,47.431122,20.820786,8900,38448,Hungary,Észak-Alföld,HU32,Hungary,6408
Kunpeszer - Szennyviztisztito Telep,47.053283,19.27405,870,3758.4,Hungary,Pest,HU12,Hungary,626.4
Kunszentmarton - Szennyviztisztito Telep,46.847208,20.303443,11000,47520,Hungary,Észak-Alföld,HU32,Hungary,7920
Kunszentmiklos - Szennyviztisztito Telep,47.046943,19.114617,7250,31320,Hungary,Pest,HU12,Hungary,5220
Kunsziget - Szennyviztisztito Telep,47.767418,17.47153,14600,63072,Hungary,Nyugat-Dunántúl,HU22,Hungary,10512
Kup - Szennyviztisztito Telep,47.245114,17.464926,3000,12960,Hungary,Közép-Dunántúl,HU21,Hungary,2160
Kupa - Szennyviztisztito Telep,48.330775,20.91505,100,432,Hungary,Észak-Magyarország,HU31,Hungary,72
Kurd-Szennyviztisztito Telep,46.454349,18.313496,1290,5572.8,Hungary,Dél-Dunántúl,HU23,Hungary,928.8
Kutaso - Szennyviztisztito Telep,47.946984,19.544661,110,475.2,Hungary,Észak-Magyarország,HU31,Hungary,79.2
Labatlan - Szennyviztisztito Telep,47.757599,18.532998,4150,17928,Hungary,Közép-Dunántúl,HU21,Hungary,2988
Ladbesenyo - Szennyviztisztito Telep,48.342403,20.779111,200,864,Hungary,Észak-Magyarország,HU31,Hungary,144
Lajoskomarom - Szennyviztisztito Telep,46.837459,18.404613,6083,26278.56,Hungary,Közép-Dunántúl,HU21,Hungary,4379.76
Lajosmizse - Szennyviztisztito Telep,47.040882,19.545142,10004,43217.28,Hungary,Pest,HU12,Hungary,7202.88
Lak - Szennyviztisztito Telep,48.343712,20.872328,300,1296,Hungary,Észak-Magyarország,HU31,Hungary,216
Lakitelek - Szennyviztisztito Telep,46.88328,20.026653,9376,40504.32,Hungary,Dél-Alföld,HU33,Hungary,6750.72
Leanyvar - Szennyviztisztito Telep,47.694051,18.764827,6667,28801.44,Hungary,Közép-Dunántúl,HU21,Hungary,4800.24
Lengyel-Szennyviztisztito Telep,46.364077,18.371047,833,3598.56,Hungary,Dél-Dunántúl,HU23,Hungary,599.76
Lenti - (Mahomfa nelkul) - Szennyviztisztito Telep,46.6196,16.553137,15237,65823.84,Hungary,Nyugat-Dunántúl,HU22,Hungary,10970.64
Letavertes - Szennyviztisztito Telep,47.378192,21.872967,9489,40992.48,Hungary,Észak-Alföld,HU32,Hungary,6832.08
Letenye - Szennyviztisztito Telep,46.419959,16.724495,4770,20606.4,Hungary,Nyugat-Dunántúl,HU22,Hungary,3434.4
Levelek - Szennyviztisztito Telep,47.978199,21.998443,4792,20701.44,Hungary,Észak-Alföld,HU32,Hungary,3450.24
Lokoshaza - Szennyviztisztito Telep,46.418054,21.217007,3773,16299.36,Hungary,Dél-Alföld,HU33,Hungary,2716.56
Mariapocs - Szennyviztisztito Telep,47.900124,22.017588,4200,18144,Hungary,Észak-Alföld,HU32,Hungary,3024
Lovasbereny - Szennyviztisztito Telep,47.293534,18.543144,2650,11448,Hungary,Közép-Dunántúl,HU21,Hungary,1908
Lovaszi - Szennyviztisztito Telep,46.55293,16.561291,5250,22680,Hungary,Nyugat-Dunántúl,HU22,Hungary,3780
Lovo - Szennyviztisztito Telep,47.490774,16.798462,6792,29341.44,Hungary,Nyugat-Dunántúl,HU22,Hungary,4890.24
Lucfalva - Szennyviztisztito Telep,48.029914,19.699556,433,1870.56,Hungary,Észak-Magyarország,HU31,Hungary,311.76
Madocsa - Szennyviztisztito Telep,46.673327,18.959404,14341,61953.12,Hungary,Dél-Alföld,HU33,Hungary,10325.52
Magocs - Szennyviztisztito Telep,46.328377,18.218726,2100,9072,Hungary,Dél-Dunántúl,HU23,Hungary,1512
Magosliget - Szennyviztisztito Telep,48.045234,22.844718,335,1447.2,Hungary,Észak-Alföld,HU32,Hungary,241.2
Magyarbanhegyes - Szennyviztisztito Telep,46.469095,20.942401,2880,12441.6,Hungary,Dél-Alföld,HU33,Hungary,2073.6
Magyarszombatfa - Szennyviztisztito Telep,46.748144,16.358002,342,1477.44,Hungary,Nyugat-Dunántúl,HU22,Hungary,246.24
Maklar - Szennyviztisztito Telep,47.795751,20.424706,7000,30240,Hungary,Észak-Magyarország,HU31,Hungary,5040
Mako - Szennyviztisztito Telep,46.210095,20.448493,59000,254880,Hungary,Dél-Alföld,HU33,Hungary,42480
Mand - Szennyviztisztito Telep,48.000908,22.59886,200,864,Hungary,Észak-Alföld,HU32,Hungary,144
Mandok - Szennyviztisztito Telep,48.312183,22.199838,4500,19440,Hungary,Észak-Alföld,HU32,Hungary,3240
Marcali - Szennyviztisztito Telep,46.578214,17.427956,15700,67824,Hungary,Dél-Dunántúl,HU23,Hungary,11304
Markaz - Szennyviztisztito Telep,47.806159,20.082919,1500,6480,Hungary,Észak-Magyarország,HU31,Hungary,1080
Markhaza- Szennyviztisztito Telep,48.012112,19.711404,200,864,Hungary,Észak-Magyarország,HU31,Hungary,144
Marko - Szennyviztisztito Telep,47.117757,17.818277,1000,4320,Hungary,Közép-Dunántúl,HU21,Hungary,720
Martely - Szennyviztisztito Telep,46.459106,20.241003,1667,7201.44,Hungary,Dél-Alföld,HU33,Hungary,1200.24
Martfu - Szennyviztisztito Telep,47.019947,20.271339,6600,28512,Hungary,Észak-Alföld,HU32,Hungary,4752
Mateszalka - Szennyviztisztito Telep,47.970793,22.332749,69726,301216.32,Hungary,Észak-Alföld,HU32,Hungary,50202.72
Matraszentimre - Szennyviztisztito Telep,47.888661,19.847842,957,4134.24,Hungary,Észak-Magyarország,HU31,Hungary,689.04
Matraterenye - Szennyviztisztito Telep,48.01794,19.948121,4050,17496,Hungary,Észak-Magyarország,HU31,Hungary,2916
Maza - Szennyviztisztito Telep,46.274255,18.411912,7050,30456,Hungary,Dél-Dunántúl,HU23,Hungary,5076
Mecseknadasd - Szennyviztisztito Telep,46.234903,18.482573,2917,12601.44,Hungary,Dél-Dunántúl,HU23,Hungary,2100.24
Medgyesegyhaza - Szennyviztisztito Telep,46.472709,21.019271,3600,15552,Hungary,Dél-Alföld,HU33,Hungary,2592
Meggyeskovacsi - Szennyviztisztito Telep,47.181407,16.883888,7000,30240,Hungary,Nyugat-Dunántúl,HU22,Hungary,5040
Megyaszo - Szennyviztisztito Telep,48.164401,21.053527,4200,18144,Hungary,Észak-Magyarország,HU31,Hungary,3024
Mezohek - Szennyviztisztito Telep,47.000565,20.389913,150,648,Hungary,Észak-Alföld,HU32,Hungary,108
Mehkerek - Szennyviztisztito Telep,46.779305,21.475633,2083,8998.56,Hungary,Dél-Alföld,HU33,Hungary,1499.76
Melykut uj - Szennyviztisztito Telep,46.203413,19.357468,5610,24235.2,Hungary,Dél-Alföld,HU33,Hungary,4039.2
Merk - Szennyviztisztito Telep,47.802616,22.370032,4885,21103.2,Hungary,Észak-Alföld,HU32,Hungary,3517.2
Mersevat - Szennytisztito Telep,47.289067,17.211075,600,2592,Hungary,Közép-Dunántúl,HU21,Hungary,432
Mezobereny - Szennyviztisztito Telep,46.824109,21.043328,18910,81691.2,Hungary,Dél-Alföld,HU33,Hungary,13615.2
Mezocsat - Szennyviztisztito Telep,47.842196,20.907394,6125,26460,Hungary,Észak-Magyarország,HU31,Hungary,4410
Mezohegyes - Szennyviztisztito Telep,46.308394,20.800714,6210,26827.2,Hungary,Dél-Alföld,HU33,Hungary,4471.2
Mezokovacshaza - Szennyviztisztito Telep,46.395429,20.921451,9655,41709.6,Hungary,Dél-Alföld,HU33,Hungary,6951.6
Mezokovesd - Szennyviztisztito Telep,47.790193,20.579744,17995,77738.4,Hungary,Észak-Magyarország,HU31,Hungary,12956.4
Mezoladany - Szennyviztisztito Telep,48.266085,22.223299,4400,19008,Hungary,Észak-Alföld,HU32,Hungary,3168
Mezoszilas - Szennyviztisztito Telep,46.80623,18.490277,1720,7430.4,Hungary,Közép-Dunántúl,HU21,Hungary,1238.4
Mezotur-regi - Szennyviztisztito Telep,46.985457,20.635257,6218,26861.76,Hungary,Észak-Alföld,HU32,Hungary,4476.96
Mezotur-uj - Szennyviztisztito Telep,46.98481,20.634673,12435,53719.2,Hungary,Észak-Alföld,HU32,Hungary,8953.2
Mindszent - Szennyviztisztito Telep,46.510817,20.192551,6697,28931.04,Hungary,Dél-Alföld,HU33,Hungary,4821.84
Miskolc - Szennyviztisztito Telep,48.084682,20.848523,350000,1512000,Hungary,Észak-Magyarország,HU31,Hungary,252000
Miszla - Szennyviztisztito Telep,46.637138,18.493999,185,799.2,Hungary,Dél-Dunántúl,HU23,Hungary,133.2
Mocsa - Szennyviztisztito Telep,47.677947,18.18449,2192,9469.44,Hungary,Közép-Dunántúl,HU21,Hungary,1578.24
Mogyorosbanya - Szennyviztisztito Telep,47.731862,18.617823,667,2881.44,Hungary,Közép-Dunántúl,HU21,Hungary,480.24
Mohacs - Szennyviztisztito Telep,45.976055,18.702078,20000,86400,Hungary,Dél-Dunántúl,HU23,Hungary,14400
Molnari - Szennyviztisztito Telep,46.384399,16.826627,900,3888,Hungary,Nyugat-Dunántúl,HU22,Hungary,648
Monaj - Szennyviztisztito Telep,48.309293,20.935245,300,1296,Hungary,Észak-Magyarország,HU31,Hungary,216
Monor - Szennyviztisztito Telep,47.359005,19.424528,26863,116048.16,Hungary,Pest,HU12,Hungary,19341.36
Monosbel - Szennyviztisztito Telep,48.025231,20.326237,3676,15880.32,Hungary,Észak-Magyarország,HU31,Hungary,2646.72
Mor - Szennyviztisztito Telep,47.36211,18.193226,24792,107101.44,Hungary,Közép-Dunántúl,HU21,Hungary,17850.24
Morahalom - Szennyviztisztito Telep,46.212902,19.900608,13844,59806.08,Hungary,Dél-Alföld,HU33,Hungary,9967.68
Morichida - Szennyviztisztito Telep,47.528999,17.421068,1375,5940,Hungary,Nyugat-Dunántúl,HU22,Hungary,990
Mosonmagyarovar - Szennyviztisztito Telep,47.841179,17.293821,98277,424556.64,Hungary,Nyugat-Dunántúl,HU22,Hungary,70759.44
Murakeresztur - Szennyviztisztito Telep,46.352142,16.872544,1500,6480,Hungary,Nyugat-Dunántúl,HU22,Hungary,1080
Nadasd - Szennyviztisztito Telep,46.975391,16.614686,2204,9521.28,Hungary,Nyugat-Dunántúl,HU22,Hungary,1586.88
Nadudvar - Szennyviztisztito Telep,47.441795,21.136794,9377,40508.64,Hungary,Észak-Alföld,HU32,Hungary,6751.44
Nagyacsad - Szennyviztisztito Telep,47.371982,17.370591,716,3093.12,Hungary,Közép-Dunántúl,HU21,Hungary,515.52
Nagyatad - Szennyviztisztito Telep,46.220056,17.369938,45890,198244.8,Hungary,Dél-Dunántúl,HU23,Hungary,33040.8
Nagybajom - Szennyviztisztito Telep,46.355803,17.537242,4370,18878.4,Hungary,Dél-Dunántúl,HU23,Hungary,3146.4
Nagybaracska - Szennyviztisztito Telep,46.037586,18.924877,2361,10199.52,Hungary,Dél-Alföld,HU33,Hungary,1699.92
Nagybarca (Dedestapolcsany) - Szennyviztisztito Telep,48.258283,20.544397,2000,8640,Hungary,Észak-Magyarország,HU31,Hungary,1440
Nagybarca (uj) - Szennyviztisztito Telep,48.258591,20.543676,2488,10748.16,Hungary,Észak-Magyarország,HU31,Hungary,1791.36
Nagybarkany - Szennyviztisztito Telep,48.003837,19.706973,525,2268,Hungary,Észak-Magyarország,HU31,Hungary,378
Nagydorog - Szennyviztisztito Telep,46.610792,18.630124,2720,11750.4,Hungary,Dél-Dunántúl,HU23,Hungary,1958.4
Nagyecsed - Szennyviztisztito Telep,47.88442,22.381313,9535,41191.2,Hungary,Észak-Alföld,HU32,Hungary,6865.2
Nagyhegyes - Szennyviztisztito Telep,47.532117,21.350137,3000,12960,Hungary,Észak-Alföld,HU32,Hungary,2160
Nagyigmand - Szennyviztisztito Telep,47.64017,18.067741,2750,11880,Hungary,Közép-Dunántúl,HU21,Hungary,1980
Nagykallo - Szennyviztisztito Telep,47.894403,21.830975,11350,49032,Hungary,Észak-Alföld,HU32,Hungary,8172
Nagykanizsa - Szennyviztisztito Telep,46.434764,16.983159,89250,385560,Hungary,Nyugat-Dunántúl,HU22,Hungary,64260
Nagykata - Szennyviztisztito Telep,47.389756,19.766273,15833,68398.56,Hungary,Pest,HU12,Hungary,11399.76
Nagykeresztur - Szennyviztisztito Telep,48.036293,19.722455,200,864,Hungary,Észak-Magyarország,HU31,Hungary,144
Nagykoros - Szennyviztisztito Telep,47.037857,19.811189,25000,108000,Hungary,Pest,HU12,Hungary,18000
Nagylozs - Szennyviztisztito Telep,47.575348,16.781069,6536,28235.52,Hungary,Nyugat-Dunántúl,HU22,Hungary,4705.92
Nagymagocs - Szennyviztisztito Telep,46.585342,20.463908,2967,12817.44,Hungary,Dél-Alföld,HU33,Hungary,2136.24
Nagyrabe - Szennyviztisztito Telep,47.200073,21.355678,2164,9348.48,Hungary,Észak-Alföld,HU32,Hungary,1558.08
Nagyszenas - Szennyviztisztito Telep,46.656155,20.66904,4858,20986.56,Hungary,Dél-Alföld,HU33,Hungary,3497.76
Nagyvazsony - Szennyviztisztito Telep,46.994818,17.684243,4623,19971.36,Hungary,Közép-Dunántúl,HU21,Hungary,3328.56
Nagyveleg -Szennyviztisztito Telep,47.350323,18.117415,667,2881.44,Hungary,Közép-Dunántúl,HU21,Hungary,480.24
Naszaly - Szennyviztisztito Telep,47.700737,18.26538,2100,9072,Hungary,Közép-Dunántúl,HU21,Hungary,1512
Nemesgulacs - Szennyviztisztito Telep,46.822896,17.481718,15000,64800,Hungary,Közép-Dunántúl,HU21,Hungary,10800
Nemesnadudvar - Szennyviztisztito Telep,46.346933,19.038353,3013,13016.16,Hungary,Dél-Alföld,HU33,Hungary,2169.36
Nemesszalok - Szennyviztisztito Telep,47.28644,17.298267,2041,8817.12,Hungary,Közép-Dunántúl,HU21,Hungary,1469.52
Nick - Szennyviztisztito Telep,47.39985,17.020793,550,2376,Hungary,Nyugat-Dunántúl,HU22,Hungary,396
Nograd - Szennyviztisztito Telep,47.918765,19.049813,5333,23038.56,Hungary,Pest,HU12,Hungary,3839.76
Noszlop - Szennyviztisztito Telep,47.188541,17.458904,1100,4752,Hungary,Közép-Dunántúl,HU21,Hungary,792
Noszvaj - Szennyviztisztito Telep,47.911694,20.471792,4600,19872,Hungary,Észak-Magyarország,HU31,Hungary,3312
Notincs - Szennyviztisztito Telep,47.879945,19.170677,3667,15841.44,Hungary,Pest,HU12,Hungary,2640.24
Nova - Szennyviztisztito Telep,46.676409,16.679875,1500,6480,Hungary,Nyugat-Dunántúl,HU22,Hungary,1080
Nyaregyhaza - Szennyviztisztito Telep,47.24219,19.497427,6250,27000,Hungary,Pest,HU12,Hungary,4500
Nyarlorinc - Szennyviztisztito Telep,46.854658,19.871246,2200,9504,Hungary,Dél-Alföld,HU33,Hungary,1584
Nyarsapat - Szennyviztisztito Telep,47.109953,19.798714,1257,5430.24,Hungary,Pest,HU12,Hungary,905.04
Nyergesujfalu (Kelet) - Szennyviztisztito Telep,47.763136,18.570964,8750,37800,Hungary,Közép-Dunántúl,HU21,Hungary,6300
Nyesta - Szennyviztisztito Telep,48.367092,20.952605,48,207.36,Hungary,Észak-Magyarország,HU31,Hungary,34.56
Nyirabrany - Szennyviztisztito Telep,47.52744,22.004886,4000,17280,Hungary,Észak-Alföld,HU32,Hungary,2880
Nyiracsad - Szennyviztisztito Telep,47.58829,21.956471,3417,14761.44,Hungary,Észak-Alföld,HU32,Hungary,2460.24
Nyirad - Szennyviztisztito Telep,47.008535,17.465597,2008,8674.56,Hungary,Közép-Dunántúl,HU21,Hungary,1445.76
Nyiradony - Szennyviztisztito Telep,47.676787,21.88842,6760,29203.2,Hungary,Észak-Alföld,HU32,Hungary,4867.2
Nyirbator - Szennyviztisztito Telep,47.821215,22.135376,20844,90046.08,Hungary,Észak-Alföld,HU32,Hungary,15007.68
Nyirbogat - Szennyviztisztito Telep,47.816572,22.03249,4899,21163.68,Hungary,Észak-Alföld,HU32,Hungary,3527.28
Nyirbogdany - Szennyviztisztito Telep,48.0776,21.863286,7120,30758.4,Hungary,Észak-Alföld,HU32,Hungary,5126.4
Nyiregyhaza - Szennyviztisztito Telep,47.980569,21.705954,133333,575998.56,Hungary,Észak-Alföld,HU32,Hungary,95999.76
Nyiregyhaza II. - Szennyviztisztito Telep,47.923963,21.623704,92200,398304,Hungary,Észak-Alföld,HU32,Hungary,66384
Nyiribrony - Szennyviztisztito Telep,48.028959,21.969397,3074,13279.68,Hungary,Észak-Alföld,HU32,Hungary,2213.28
Nyirlugos - Szennyviztisztito Telep,47.710534,22.03189,3609,15590.88,Hungary,Észak-Alföld,HU32,Hungary,2598.48
Nyirmada - Szennyviztisztito Telep,48.059844,22.211762,6398,27639.36,Hungary,Észak-Alföld,HU32,Hungary,4606.56
Nyirtelek - Szennyviztisztito Telep,48.015124,21.657646,5320,22982.4,Hungary,Észak-Alföld,HU32,Hungary,3830.4
Ocsa - Szennyviztisztito Telep,47.3191,19.238693,14000,60480,Hungary,Pest,HU12,Hungary,10080
Ocsanalos - Szennyviztisztito Telep,48.146472,20.959297,200,864,Hungary,Észak-Magyarország,HU31,Hungary,144
Ocsod - Szennyviztisztito Telep,46.911347,20.405603,3546,15318.72,Hungary,Észak-Alföld,HU32,Hungary,2553.12
Okany - Szennyviztisztito Telep,46.898474,21.324397,2560,11059.2,Hungary,Dél-Alföld,HU33,Hungary,1843.2
Olasz - Szennyviztisztito Telep,46.007307,18.412092,1100,4752,Hungary,Dél-Dunántúl,HU23,Hungary,792
Olcsvaapati - Szennyviztisztito Telep,48.083241,22.35378,204,881.28,Hungary,Észak-Alföld,HU32,Hungary,146.88
Opusztaszer - Szennyviztisztito Telep,46.493005,20.10367,3116,13461.12,Hungary,Dél-Alföld,HU33,Hungary,2243.52
Orfu - Szennyviztisztito Telep,46.165881,18.132912,1870,8078.4,Hungary,Dél-Dunántúl,HU23,Hungary,1346.4
Orfu Banos - Szennyviztisztito Telep,46.164528,18.155755,87,375.84,Hungary,Dél-Dunántúl,HU23,Hungary,62.64
Paty - Szennyviztisztito Telep,47.497685,18.824564,6500,28080,Hungary,Pest,HU12,Hungary,4680
Oriszentpeter - Szennyviztisztito Telep,46.836967,16.440035,2775,11988,Hungary,Nyugat-Dunántúl,HU22,Hungary,1998
Orkeny - Szennyviztisztito Telep,47.140035,19.453447,12000,51840,Hungary,Pest,HU12,Hungary,8640
Oroshaza - Szennyviztisztito Telep,46.543036,20.661193,58500,252720,Hungary,Dél-Alföld,HU33,Hungary,42120
Oroszlany - Szennyviztisztito Telep,47.500032,18.317373,66667,288001.44,Hungary,Közép-Dunántúl,HU21,Hungary,48000.24
Osi - Szennyviztisztito Telep,47.156367,18.194262,1750,7560,Hungary,Közép-Dunántúl,HU21,Hungary,1260
Osku - Szennyviztisztito Telep,47.167389,18.085516,1750,7560,Hungary,Közép-Dunántúl,HU21,Hungary,1260
Oszko - Szennyviztisztito Telep,47.035276,16.880717,660,2851.2,Hungary,Nyugat-Dunántúl,HU22,Hungary,475.2
Ozd - Szennyviztisztito Telep,48.237189,20.330894,33350,144072,Hungary,Észak-Magyarország,HU31,Hungary,24012
Pacin - Szennyviztisztito Telep,48.318698,21.832963,1590,6868.8,Hungary,Észak-Magyarország,HU31,Hungary,1144.8
Pacsa - Szennyviztisztito Telep,46.723601,16.997594,9484,40970.88,Hungary,Nyugat-Dunántúl,HU22,Hungary,6828.48
Paka - Szennyviztisztito Telep,46.596019,16.645083,2167,9361.44,Hungary,Nyugat-Dunántúl,HU22,Hungary,1560.24
Paks - (Dunakomlod nelkul) - Szennyviztisztito Telep,46.597545,18.8556,36600,158112,Hungary,Dél-Dunántúl,HU23,Hungary,26352
Palhaza - Szennyviztisztito Telep,48.468308,21.528877,4035,17431.2,Hungary,Észak-Magyarország,HU31,Hungary,2905.2
Pali - Szennyviztisztito Telep,47.456848,17.160375,5830,25185.6,Hungary,Nyugat-Dunántúl,HU22,Hungary,4197.6
Panyok - Szennyviztisztito Telep,48.53036,21.343926,70,302.4,Hungary,Észak-Magyarország,HU31,Hungary,50.4
Papa - Szennyviztisztito Telep,47.328833,17.439977,180000,777600,Hungary,Közép-Dunántúl,HU21,Hungary,129600
Paradsasvar - Szennyviztisztito Telep,47.919202,19.994794,750,3240,Hungary,Észak-Magyarország,HU31,Hungary,540
Paszto - Szennyviztisztito Telep,47.914916,19.687295,13300,57456,Hungary,Észak-Magyarország,HU31,Hungary,9576
Pat - Szennyviztisztito Telep,46.433048,17.18228,250,1080,Hungary,Dél-Dunántúl,HU23,Hungary,180
Pecel - Szennyviztisztito Telep,47.493183,19.31478,17468,75461.76,Hungary,Pest,HU12,Hungary,12576.96
Pecs - Szennyviztisztito Telep,46.054053,18.150113,210501,909364.32,Hungary,Dél-Dunántúl,HU23,Hungary,151560.72
Pecsvarad - Szennyviztisztito Telep,46.149682,18.422933,7317,31609.44,Hungary,Dél-Dunántúl,HU23,Hungary,5268.24
Penyige - Szennyviztisztito Telep,48.003087,22.547234,872,3767.04,Hungary,Észak-Alföld,HU32,Hungary,627.84
Perbal - Szennyviztisztito Telep,47.58224,18.769376,3101,13396.32,Hungary,Pest,HU12,Hungary,2232.72
Peresznye - Szennyviztisztito Telep,47.417223,16.659184,360,1555.2,Hungary,Nyugat-Dunántúl,HU22,Hungary,259.2
Petervasara - Szennyviztisztito Telep,48.003994,20.114009,8465,36568.8,Hungary,Észak-Magyarország,HU31,Hungary,6094.8
Petfurdo - Szennyviztisztito Telep (Nitrogenmuvek Zrt. Szv.tisztito telepe),47.160287,18.149734,8000,34560,Hungary,Közép-Dunántúl,HU21,Hungary,5760
Petofibanya - Szennyviztisztito Telep,47.757687,19.69869,4080,17625.6,Hungary,Észak-Magyarország,HU31,Hungary,2937.6
Petrivente - Szennyviztisztito Telep,46.434342,16.842658,204,881.28,Hungary,Nyugat-Dunántúl,HU22,Hungary,146.88
Pilis - Szennyviztisztito Telep,47.272057,19.570408,9000,38880,Hungary,Pest,HU12,Hungary,6480
Pilisborosjeno - Szennyviztisztito Telep,47.601397,18.999843,4500,19440,Hungary,Budapest,HU11,Hungary,3240
Piliscsaba - Szennyviztisztito Telep,47.633457,18.814659,10833,46798.56,Hungary,Pest,HU12,Hungary,7799.76
Pilisjaszfalu - Szennyviztisztito Telep,47.652581,18.78485,6400,27648,Hungary,Pest,HU12,Hungary,4608
Pilisszanto - Szennyviztisztito Telep,47.656139,18.897834,2600,11232,Hungary,Pest,HU12,Hungary,1872
Pilisszentkereszt - (Dobogoko nelkul) - Szennyviztisztito Telep,47.687849,18.912305,1866,8061.12,Hungary,Pest,HU12,Hungary,1343.52
Pilisszentlelek - Szennyviztisztito Telep,47.733547,18.836879,264,1140.48,Hungary,Pest,HU12,Hungary,190.08
Pilisvorosvar - Szennyviztisztito Telep,47.605501,18.922828,17500,75600,Hungary,Pest,HU12,Hungary,12600
Pincehely (SBR) szennyviztisztito telep,46.694409,18.462588,2480,10713.6,Hungary,Dél-Dunántúl,HU23,Hungary,1785.6
Pocsaj - Szennyviztisztito Telep,47.280651,21.794837,3167,13681.44,Hungary,Észak-Alföld,HU32,Hungary,2280.24
Pogany - Szennyviztisztito Telep,45.980096,18.269701,1037,4479.84,Hungary,Dél-Dunántúl,HU23,Hungary,746.64
Polgar - Szennyviztisztito Telep,47.883844,21.119099,7140,30844.8,Hungary,Észak-Alföld,HU32,Hungary,5140.8
Polgardi - Szennyviztisztito Telep,47.043317,18.307776,6125,26460,Hungary,Közép-Dunántúl,HU21,Hungary,4410
Porcsalma - Szennyviztisztito Telep,47.866997,22.560006,4200,18144,Hungary,Észak-Alföld,HU32,Hungary,3024
Pornoapati - Szennyviztisztito Telep,47.149533,16.464012,900,3888,Hungary,Nyugat-Dunántúl,HU22,Hungary,648
Posfa - Szennyviztisztito Telep,47.327878,16.862774,3100,13392,Hungary,Nyugat-Dunántúl,HU22,Hungary,2232
Prugy - Szennyviztisztito Telep,48.068761,21.244659,3763,16256.16,Hungary,Észak-Magyarország,HU31,Hungary,2709.36
Puspokhatvan - Szennyviztisztito Telep,47.762725,19.363637,4962,21435.84,Hungary,Pest,HU12,Hungary,3572.64
Puspokladany - Szennyviztisztito Telep,47.309069,21.095738,13542,58501.44,Hungary,Észak-Alföld,HU32,Hungary,9750.24
Puspokmolnari - Szennyviztisztito Telep,47.079058,16.780499,991,4281.12,Hungary,Nyugat-Dunántúl,HU22,Hungary,713.52
Pusztacsalad - Szennyviztisztito Telep,47.488354,16.902454,350,1512,Hungary,Nyugat-Dunántúl,HU22,Hungary,252
Pusztaszabolcs - Szennyviztisztito Telep,47.147123,18.785293,6584,28442.88,Hungary,Közép-Dunántúl,HU21,Hungary,4740.48
Pusztavam-Szennyviztisztito Telep,47.435438,18.236614,4645,20066.4,Hungary,Közép-Dunántúl,HU21,Hungary,3344.4
Pusztazamor - Szennyviztisztito Telep,47.398032,18.793211,750,3240,Hungary,Pest,HU12,Hungary,540
Putnok - Szennyviztisztito Telep,48.285785,20.453034,7625,32940,Hungary,Észak-Magyarország,HU31,Hungary,5490
Rabacsecseny - Szennyviztisztito Telep,47.608702,17.430723,4666,20157.12,Hungary,Nyugat-Dunántúl,HU22,Hungary,3359.52
Rabahidveg - Szennyviztisztito Telep,47.065605,16.747101,1065,4600.8,Hungary,Nyugat-Dunántúl,HU22,Hungary,766.8
Rabatamasi - Szennyviztisztito Telep,47.590977,17.180848,1003,4332.96,Hungary,Nyugat-Dunántúl,HU22,Hungary,722.16
Racalmas - Szennyviztisztito Telep,47.010265,18.94738,3500,15120,Hungary,Közép-Dunántúl,HU21,Hungary,2520
Rackeresztur Szennyviztisztito Telep,47.259193,18.832984,15900,68688,Hungary,Közép-Dunántúl,HU21,Hungary,11448
Rackeve - Szennyviztisztito Telep,47.159901,18.923086,34167,147601.44,Hungary,Pest,HU12,Hungary,24600.24
Rad - Szennyviztisztito mu,47.778143,19.218833,1835,7927.2,Hungary,Pest,HU12,Hungary,1321.2
Radockolked - Szennyviztisztito Telep,47.062517,16.566622,626,2704.32,Hungary,Nyugat-Dunántúl,HU22,Hungary,450.72
Ragaly - Szennyviztisztito Telep,48.393816,20.536965,620,2678.4,Hungary,Észak-Magyarország,HU31,Hungary,446.4
Rakamaz - Szennyviztisztito Telep,48.10938,21.480509,9388,40556.16,Hungary,Észak-Alföld,HU32,Hungary,6759.36
Recsk - Szennyviztisztito Telep,47.929019,20.128013,8440,36460.8,Hungary,Észak-Magyarország,HU31,Hungary,6076.8
Repashuta - Szennyviztisztito Telep,48.046122,20.534263,556,2401.92,Hungary,Észak-Magyarország,HU31,Hungary,400.32
Repcelak - Szennyviztisztito Telep,47.424714,17.022469,3302,14264.64,Hungary,Nyugat-Dunántúl,HU22,Hungary,2377.44
Retsag - Szennyviztisztito Telep,47.925488,19.142017,3500,15120,Hungary,Észak-Magyarország,HU31,Hungary,2520
Revfulop - Szennyviztisztito Telep,46.824697,17.604118,18200,78624,Hungary,Közép-Dunántúl,HU21,Hungary,13104
Ricse - Szennyviztisztito Telep,48.31386,21.983828,2789,12048.48,Hungary,Észak-Alföld,HU32,Hungary,2008.08
Rojtokmuzsaj - Szennyviztisztito Telep,47.561335,16.821175,525,2268,Hungary,Nyugat-Dunántúl,HU22,Hungary,378
Romhany - Szennyviztisztito Telep,47.936052,19.257871,2500,10800,Hungary,Észak-Magyarország,HU31,Hungary,1800
Roszke - Szennyviztisztito Telep,46.21031,20.04444,7887,34071.84,Hungary,Dél-Alföld,HU33,Hungary,5678.64
Rozsaszentmarton - Szennyviztisztito Telep,47.775773,19.748963,2124,9175.68,Hungary,Észak-Magyarország,HU31,Hungary,1529.28
Ruzsa - Szennyviztisztito Telep,46.284907,19.757264,1800,7776,Hungary,Dél-Alföld,HU33,Hungary,1296
Sagvar - Szennyviztisztito Telep,46.83608,18.111267,1999,8635.68,Hungary,Dél-Dunántúl,HU23,Hungary,1439.28
Sajobabony - Szennyviztisztito Telep,48.161524,20.709057,26333,113758.56,Hungary,Észak-Magyarország,HU31,Hungary,18959.76
Sajogalgoc - Szennyviztisztito Telep,48.287565,20.535821,200,864,Hungary,Észak-Magyarország,HU31,Hungary,144
Sajokaza - Szennyviztisztito Telep,48.280676,20.594341,3464,14964.48,Hungary,Észak-Magyarország,HU31,Hungary,2494.08
Sajoszentpeter - Szennyviztisztito Telep,48.21756,20.729772,18750,81000,Hungary,Észak-Magyarország,HU31,Hungary,13500
Salgotarjan - Szennyviztisztito Telep,48.052818,19.786663,75000,324000,Hungary,Észak-Magyarország,HU31,Hungary,54000
Saly - Szennyviztisztito Telep,47.914284,20.67098,2013,8696.16,Hungary,Észak-Magyarország,HU31,Hungary,1449.36
Sarbogard - Szennyviztisztito Telep,46.896414,18.584733,13125,56700,Hungary,Közép-Dunántúl,HU21,Hungary,9450
Sarisap - Szennyviztisztito Telep,47.681228,18.669283,3667,15841.44,Hungary,Közép-Dunántúl,HU21,Hungary,2640.24
Sarkad - Szennyviztisztito Telep,46.749194,21.369865,12000,51840,Hungary,Dél-Alföld,HU33,Hungary,8640
Sarkadkeresztur - Szennyviztisztito Telep,46.812194,21.372824,2000,8640,Hungary,Dél-Alföld,HU33,Hungary,1440
Sarkeresztes - Szennyviztisztito Telep,47.24632,18.349575,4667,20161.44,Hungary,Közép-Dunántúl,HU21,Hungary,3360.24
Sarospatak - Szennyviztisztito Telep,48.304701,21.563123,24809,107174.88,Hungary,Észak-Magyarország,HU31,Hungary,17862.48
Sarvar - Szennyviztisztito Telep,47.265271,16.958922,37000,159840,Hungary,Nyugat-Dunántúl,HU22,Hungary,26640
Sasd - Szennyviztisztito Telep,46.252315,18.115492,6000,25920,Hungary,Dél-Dunántúl,HU23,Hungary,4320
Satoraljaujhely - Szennyviztisztito Telep,48.386554,21.665157,27870,120398.4,Hungary,Észak-Magyarország,HU31,Hungary,20066.4
Satorhely - Szennyviztisztito Telep,45.934265,18.625284,4483,19366.56,Hungary,Dél-Dunántúl,HU23,Hungary,3227.76
Savoly - Szennyviztisztito Telep,46.582582,17.272801,900,3888,Hungary,Dél-Dunántúl,HU23,Hungary,648
Segesd telepulesi - Szennyviztisztito Telep,46.370822,17.35702,2758,11914.56,Hungary,Dél-Dunántúl,HU23,Hungary,1985.76
Sellye - Szennyviztisztito Telep,45.88379,17.852266,6500,28080,Hungary,Dél-Dunántúl,HU23,Hungary,4680
Siklos - Szennyviztisztito Telep,45.854149,18.286873,11083,47878.56,Hungary,Dél-Dunántúl,HU23,Hungary,7979.76
Simontornya - Szennyviztisztito Telep,46.747711,18.571955,4480,19353.6,Hungary,Dél-Dunántúl,HU23,Hungary,3225.6
Sioagard - Szennyviztisztito Telep,46.389898,18.643043,1222,5279.04,Hungary,Dél-Dunántúl,HU23,Hungary,879.84
Siofok uj agglomeracios- Szennyviztisztito Telep,46.897032,18.085746,170000,734400,Hungary,Dél-Dunántúl,HU23,Hungary,122400
Sirok - Szennyviztisztito Telep,47.921429,20.187456,2107,9102.24,Hungary,Észak-Magyarország,HU31,Hungary,1517.04
Sitke - Szennyviztisztito Telep,47.237336,17.02535,720,3110.4,Hungary,Nyugat-Dunántúl,HU22,Hungary,518.4
Solt - Szennyviztisztito Telep,46.784131,19.006158,11250,48600,Hungary,Dél-Alföld,HU33,Hungary,8100
Soltvadkert - Szennyviztisztito Telep,46.569807,19.385231,10980,47433.6,Hungary,Dél-Alföld,HU33,Hungary,7905.6
Solymar - Szennyviztisztito Telep,47.595267,18.958716,20000,86400,Hungary,Budapest,HU11,Hungary,14400
Som - Szennyviztisztito Telep,46.805427,18.145579,770,3326.4,Hungary,Dél-Dunántúl,HU23,Hungary,554.4
Somberek - Szennyviztisztito Telep,46.08095,18.674705,8000,34560,Hungary,Dél-Dunántúl,HU23,Hungary,5760
Somogycsicso - Szennyviztisztito Telep,46.304277,17.136502,175,756,Hungary,Dél-Dunántúl,HU23,Hungary,126
Somogyszob - Szennyviztisztito Telep,46.285552,17.282475,2571,11106.72,Hungary,Dél-Dunántúl,HU23,Hungary,1851.12
Somogytur - Szennyviztisztito Telep,46.70927,17.775204,4110,17755.2,Hungary,Dél-Dunántúl,HU23,Hungary,2959.2
Sopron - (Balf nelkul) - Szennyviztisztito Telep,47.660096,16.621305,165000,712800,Hungary,Nyugat-Dunántúl,HU22,Hungary,118800
Sormas - Szennyviztisztito Telep,46.467653,16.918176,750,3240,Hungary,Nyugat-Dunántúl,HU22,Hungary,540
Soshartyan - Szennyviztisztito Telep,48.076542,19.695149,3333,14398.56,Hungary,Észak-Magyarország,HU31,Hungary,2399.76
Soskut - Szennyviztisztito Telep,47.39063,18.846093,3735,16135.2,Hungary,Pest,HU12,Hungary,2689.2
Sulysap - Szennyviztisztito Telep,47.445218,19.565648,27866,120381.12,Hungary,Pest,HU12,Hungary,20063.52
Szamosszeg - Szennyviztisztito Telep,48.053892,22.332389,3075,13284,Hungary,Észak-Alföld,HU32,Hungary,2214
Sumeg - Szennyviztisztito Telep,46.974087,17.267851,12921,55818.72,Hungary,Közép-Dunántúl,HU21,Hungary,9303.12
Sur - Szennyviztisztito Telep,47.360596,18.035702,1083,4678.56,Hungary,Közép-Dunántúl,HU21,Hungary,779.76
Sutto  - Szennyviztisztito Telep,47.758969,18.462261,7500,32400,Hungary,Közép-Dunántúl,HU21,Hungary,5400
Szabadbattyan - Szennyviztisztito Telep,47.11893,18.383744,8333,35998.56,Hungary,Közép-Dunántúl,HU21,Hungary,5999.76
Szabadegyhaza - Szennyviztisztito Telep,47.058653,18.715254,10917,47161.44,Hungary,Közép-Dunántúl,HU21,Hungary,7860.24
Szabadszallas - Szennyviztisztito Telep,46.886802,19.233958,6785,29311.2,Hungary,Dél-Alföld,HU33,Hungary,4885.2
Szabolcsveresmart - Szennyviztisztito Telep,48.286443,22.004341,4714,20364.48,Hungary,Észak-Alföld,HU32,Hungary,3394.08
Szakadat - Szennyviztisztito Telep,46.536239,18.476331,330,1425.6,Hungary,Dél-Dunántúl,HU23,Hungary,237.6
Szakald - Szennyviztisztito Telep,47.948064,20.907547,300,1296,Hungary,Észak-Magyarország,HU31,Hungary,216
Szakoly - Szennyviztisztito Telep,47.776108,21.896825,4000,17280,Hungary,Észak-Alföld,HU32,Hungary,2880
Szakszend - Szennyviztisztito Telep,47.559156,18.155319,2708,11698.56,Hungary,Közép-Dunántúl,HU21,Hungary,1949.76
Szalka - Szennyviztisztito Telep,46.251645,18.609235,1867,8065.44,Hungary,Dél-Dunántúl,HU23,Hungary,1344.24
Szamosker - Szennyviztisztito Telep,48.016212,22.409438,441,1905.12,Hungary,Észak-Alföld,HU32,Hungary,317.52
Szany - Szennyviztisztito Telep,47.44494,17.320946,8000,34560,Hungary,Nyugat-Dunántúl,HU22,Hungary,5760
Szapar - Szennyviztisztito Telep,47.316687,18.048831,4800,20736,Hungary,Közép-Dunántúl,HU21,Hungary,3456
Szarvas - Szennyviztisztito Telep,46.854481,20.534514,21617,93385.44,Hungary,Dél-Alföld,HU33,Hungary,15564.24
Szarvasko - Szennyviztisztito Telep,47.984199,20.342795,155,669.6,Hungary,Észak-Magyarország,HU31,Hungary,111.6
Szatymaz - Szennyviztisztito Telep,46.355204,20.067255,12550,54216,Hungary,Dél-Alföld,HU33,Hungary,9036
Szazhalombatta - Szennyviztisztito Telep,47.304103,18.910962,20000,86400,Hungary,Pest,HU12,Hungary,14400
Szecseny - Szennyviztisztito Telep,48.084881,19.532149,15000,64800,Hungary,Észak-Magyarország,HU31,Hungary,10800
Szedres - Szennyviztisztito Telep,46.477144,18.662191,2450,10584,Hungary,Dél-Dunántúl,HU23,Hungary,1764
Szeged - Szennyviztisztito Telep,46.216618,20.119036,230000,993600,Hungary,Dél-Alföld,HU33,Hungary,165600
Szeghalom - Szennyviztisztito Telep,47.005556,21.150854,19983,86326.56,Hungary,Dél-Alföld,HU33,Hungary,14387.76
Szegvar - Szennyviztisztito Telep,46.562789,20.223624,5000,21600,Hungary,Dél-Alföld,HU33,Hungary,3600
Szekesfehervar - Szennyviztisztito Telep,47.18313,18.388876,226105,976773.6,Hungary,Közép-Dunántúl,HU21,Hungary,162795.6
Szekkutas - Szennyviztisztito Telep,46.507771,20.526972,1983,8566.56,Hungary,Dél-Alföld,HU33,Hungary,1427.76
Szekszard - Szennyviztisztito Telep,46.336316,18.717143,136500,589680,Hungary,Dél-Dunántúl,HU23,Hungary,98280
Szendrolad - Szennyviztisztito Telep,48.342992,20.737499,1862,8043.84,Hungary,Észak-Magyarország,HU31,Hungary,1340.64
Szente szennyviztisztito mu,47.961652,19.288823,320,1382.4,Hungary,Észak-Magyarország,HU31,Hungary,230.4
Szentendre - Szennyviztisztito Telep,47.643561,19.076619,63619,274834.08,Hungary,Pest,HU12,Hungary,45805.68
Szentes - Szennyviztisztito Telep,46.635319,20.240505,65033,280942.56,Hungary,Dél-Alföld,HU33,Hungary,46823.76
Szentistvan - Szennyviztisztito Telep,47.784626,20.66666,6174,26671.68,Hungary,Észak-Magyarország,HU31,Hungary,4445.28
Szentkiraly Szennyviztisztito Telep,46.926937,19.916972,1984,8570.88,Hungary,Dél-Alföld,HU33,Hungary,1428.48
Szentlorinc - Szennyviztisztito Telep,46.029555,17.981864,12666,54717.12,Hungary,Dél-Dunántúl,HU23,Hungary,9119.52
Szentlorinckata - Szennyviztisztito Telep,47.501239,19.756833,12930,55857.6,Hungary,Észak-Alföld,HU32,Hungary,9309.6
Szentpeterfa - Szennyviztisztito Telep,47.079705,16.475863,3700,15984,Hungary,Nyugat-Dunántúl,HU22,Hungary,2664
Szerencs - Szennyviztisztito Telep,48.151861,21.222611,14500,62640,Hungary,Észak-Magyarország,HU31,Hungary,10440
Szigetszentmiklos - Szennyviztisztito Telep,47.366102,19.020592,45350,195912,Hungary,Budapest,HU11,Hungary,32652
Szigetvar - Szennyviztisztito Telep,46.036742,17.80769,25333,109438.56,Hungary,Dél-Dunántúl,HU23,Hungary,18239.76
Szihalom - Szennyviztisztito Telep,47.762926,20.496497,2032,8778.24,Hungary,Észak-Magyarország,HU31,Hungary,1463.04
Szikszo - Szennyviztisztito Telep,48.198093,20.939401,9867,42625.44,Hungary,Észak-Magyarország,HU31,Hungary,7104.24
Szilaspogony - Szennyviztisztito Telep,48.121734,20.039941,2150,9288,Hungary,Észak-Magyarország,HU31,Hungary,1548
Szilvasvarad - Szennyviztisztito Telep,48.118628,20.385809,6666,28797.12,Hungary,Észak-Magyarország,HU31,Hungary,4799.52
Szob - Szennyviztisztito Telep,47.813741,18.891506,8048,34767.36,Hungary,Pest,HU12,Hungary,5794.56
Szod - Szennyviztisztito Telep,47.720676,19.185166,2050,8856,Hungary,Pest,HU12,Hungary,1476
Szolnok - Szennyviztisztito Telep,47.149541,20.168243,117333,506878.56,Hungary,Észak-Alföld,HU32,Hungary,84479.76
Szombathely - Szennyviztisztito Telep,47.206313,16.621482,262500,1134000,Hungary,Nyugat-Dunántúl,HU22,Hungary,189000
Szomod - Szennyviztisztito Telep,47.674262,18.339749,3333,14398.56,Hungary,Közép-Dunántúl,HU21,Hungary,2399.76
Szugy - Szennyviztisztito Telep,48.048831,19.33694,1000,4320,Hungary,Észak-Magyarország,HU31,Hungary,720
Szuhafo - Szennyviztisztito Telep,48.407659,20.454472,150,648,Hungary,Észak-Magyarország,HU31,Hungary,108
Tab - Szennyviztisztito Telep,46.733429,18.055399,7740,33436.8,Hungary,Dél-Dunántúl,HU23,Hungary,5572.8
Taborfalva - Szennyviztisztito Telep,47.086031,19.469724,6125,26460,Hungary,Pest,HU12,Hungary,4410
Tac - Szennyviztisztito Telep,47.085522,18.410211,1665,7192.8,Hungary,Közép-Dunántúl,HU21,Hungary,1198.8
Taktaharkany - Szennyviztisztito Telep,48.077203,21.135601,3833,16558.56,Hungary,Észak-Magyarország,HU31,Hungary,2759.76
Tamasi - Szennyviztisztito Telep,46.631219,18.292258,12000,51840,Hungary,Dél-Dunántúl,HU23,Hungary,8640
Tapioszele - Szennyviztisztito Telep,47.317324,19.8953,19206,82969.92,Hungary,Észak-Alföld,HU32,Hungary,13828.32
Tapioszentmarton - Szennyviztisztito Telep,47.321692,19.75199,17000,73440,Hungary,Pest,HU12,Hungary,12240
Tapioszolos - Szennyviztisztito Telep,47.290097,19.832579,2854,12329.28,Hungary,Pest,HU12,Hungary,2054.88
Tapolca - Szennyviztisztito Telep,46.872936,17.437481,30000,129600,Hungary,Közép-Dunántúl,HU21,Hungary,21600
Tar - Szennyviztisztito Telep,47.943224,19.719348,2660,11491.2,Hungary,Észak-Magyarország,HU31,Hungary,1915.2
Tardona - Szennyviztisztito Telep,48.179397,20.543,580,2505.6,Hungary,Észak-Magyarország,HU31,Hungary,417.6
Tardos - Szennyviztisztito Telep,47.65575,18.452359,2500,10800,Hungary,Közép-Dunántúl,HU21,Hungary,1800
Tarhos - Szennyviztisztito Telep,46.814812,21.223639,733,3166.56,Hungary,Dél-Alföld,HU33,Hungary,527.76
Tarjan - Szennyviztisztito Telep,47.602864,18.52014,3170,13694.4,Hungary,Közép-Dunántúl,HU21,Hungary,2282.4
Tarpa - Szennyviztisztito Telep,48.101741,22.557494,2056,8881.92,Hungary,Észak-Alföld,HU32,Hungary,1480.32
Tass - Szennyviztisztito Telep,47.008806,19.036156,4250,18360,Hungary,Dél-Alföld,HU33,Hungary,3060
Tat - Szennyviztisztito Telep,47.734903,18.65532,11597,50099.04,Hungary,Közép-Dunántúl,HU21,Hungary,8349.84
Tata - Szennyviztisztito Telep,47.677444,18.308917,28983,125206.56,Hungary,Közép-Dunántúl,HU21,Hungary,20867.76
Tatabanya - Szennyviztisztito Telep,47.595618,18.383646,109416,472677.12,Hungary,Közép-Dunántúl,HU21,Hungary,78779.52
Tatarszentgyorgy - Szennyviztisztito Telep,47.063386,19.377141,1700,7344,Hungary,Pest,HU12,Hungary,1224
Telki - Szennyviztisztito Telep,47.546195,18.815868,5133,22174.56,Hungary,Pest,HU12,Hungary,3695.76
Telkibanya - Szennyviztisztito Telep,48.507522,21.31913,1166,5037.12,Hungary,Észak-Magyarország,HU31,Hungary,839.52
Tengelic - Szennyviztisztito Telep,46.539808,18.707403,2916,12597.12,Hungary,Dél-Dunántúl,HU23,Hungary,2099.52
Tenk - Szennyviztisztito Telep,47.665489,20.358207,1200,5184,Hungary,Észak-Magyarország,HU31,Hungary,864
Tes - Szennyviztisztito Telep,47.269149,18.05519,750,3240,Hungary,Közép-Dunántúl,HU21,Hungary,540
Tet - Szennyviztisztito Telep,47.507443,17.517913,14000,60480,Hungary,Nyugat-Dunántúl,HU22,Hungary,10080
Tevel - Szennyviztisztito Telep,46.397924,18.466554,1666,7197.12,Hungary,Dél-Dunántúl,HU23,Hungary,1199.52
Tiszaalpar - Szennyviztisztito Telep,46.807404,19.980998,5500,23760,Hungary,Dél-Alföld,HU33,Hungary,3960
Tiszabercel - Szennyviztisztito Telep,48.128472,21.644786,2625,11340,Hungary,Észak-Alföld,HU32,Hungary,1890
Tiszacsege - Szennyviztisztito Telep,47.683998,20.995911,4721,20394.72,Hungary,Észak-Alföld,HU32,Hungary,3399.12
Tiszadada-Tiszadob kozos szennyviztisztito mu,48.011396,21.220402,5335,23047.2,Hungary,Észak-Magyarország,HU31,Hungary,3841.2
Tiszadorogma - Szennyviztisztito Telep,47.685931,20.844839,2625,11340,Hungary,Észak-Magyarország,HU31,Hungary,1890
Tiszafoldvar - Szennyviztisztito Telep,46.986538,20.270037,10833,46798.56,Hungary,Észak-Alföld,HU32,Hungary,7799.76
Tiszafured - Szennyviztisztito Telep,47.623534,20.763619,18333,79198.56,Hungary,Észak-Alföld,HU32,Hungary,13199.76
Tiszakecske - Szennyviztisztito Telep,46.921846,20.091936,32000,138240,Hungary,Észak-Alföld,HU32,Hungary,23040
Tiszakeszi - Szennyviztisztito Telep,47.783198,20.993801,1900,8208,Hungary,Észak-Alföld,HU32,Hungary,1368
Tiszalok  - Szennyviztisztito Telep,48.00726,21.415508,11578,50016.96,Hungary,Észak-Alföld,HU32,Hungary,8336.16
Tiszaluc - Szennyviztisztito Telep,48.013944,21.019034,4233,18286.56,Hungary,Észak-Magyarország,HU31,Hungary,3047.76
Tiszaroff - Szennyviztisztito Telep,47.410377,20.452875,3998,17271.36,Hungary,Észak-Alföld,HU32,Hungary,2878.56
Tiszasas - Szennyviztisztito Telep,46.815888,20.096764,4678,20208.96,Hungary,Észak-Alföld,HU32,Hungary,3368.16
Tiszaszentimre - Szennyviztisztito Telep,47.490928,20.694348,1966,8493.12,Hungary,Észak-Alföld,HU32,Hungary,1415.52
Tiszatarjan Szennyviztisztito Telep,47.830414,20.996922,1200,5184,Hungary,Észak-Alföld,HU32,Hungary,864
Tiszatenyo - Szennyviztisztito Telep,47.145937,20.377577,4730,20433.6,Hungary,Észak-Alföld,HU32,Hungary,3405.6
Tiszaujvaros - Szennyviztisztito Telep,47.92389,21.040219,29400,127008,Hungary,Észak-Magyarország,HU31,Hungary,21168
Tiszavasvari - Szennyviztisztito Telep,47.936215,21.356549,14275,61668,Hungary,Észak-Alföld,HU32,Hungary,10278
Tofej - Szennyviztisztito Telep,46.660635,16.791426,1132,4890.24,Hungary,Nyugat-Dunántúl,HU22,Hungary,815.04
Tokaj - Szennyviztisztito Telep,48.100602,21.425442,16667,72001.44,Hungary,Észak-Magyarország,HU31,Hungary,12000.24
Tokol - Szennyviztisztito Telep,47.287862,18.940225,47000,203040,Hungary,Pest,HU12,Hungary,33840
Tokorcs - Szennyviztisztito Telep,47.265392,17.0948,330,1425.6,Hungary,Nyugat-Dunántúl,HU22,Hungary,237.6
Tolna - Szennyviztisztito Telep,46.414073,18.783017,27292,117901.44,Hungary,Dél-Dunántúl,HU23,Hungary,19650.24
Tomor - Szennyviztisztito Telep,48.320847,20.886351,200,864,Hungary,Észak-Magyarország,HU31,Hungary,144
Tompa - Szennyviztisztito Telep,46.224064,19.531841,4175,18036,Hungary,Dél-Alföld,HU33,Hungary,3006
Torokbalint - Szennyviztisztito Telep,47.448744,18.921088,24000,103680,Hungary,Pest,HU12,Hungary,17280
Torokszentmiklos - Szennyviztisztito Telep,47.198941,20.418058,22275,96228,Hungary,Észak-Alföld,HU32,Hungary,16038
Totkomlos - Szennyviztisztito Telep,46.421437,20.720508,6291,27177.12,Hungary,Dél-Alföld,HU33,Hungary,4529.52
Totszerdahely - Szennyviztisztito Telep,46.39015,16.785074,5500,23760,Hungary,Nyugat-Dunántúl,HU22,Hungary,3960
Tunyogmatolcs - Szennyviztisztito Telep,47.964585,22.434258,3972,17159.04,Hungary,Észak-Alföld,HU32,Hungary,2859.84
Tura - Szennyviztisztito Telep,47.593388,19.625989,10559,45614.88,Hungary,Pest,HU12,Hungary,7602.48
Turje - Szennyviztisztito Telep,46.974391,17.097295,1000,4320,Hungary,Nyugat-Dunántúl,HU22,Hungary,720
Turkeve - Szennyviztisztito Telep,47.083871,20.747199,9500,41040,Hungary,Észak-Alföld,HU32,Hungary,6840
Turricse - Szennyviztisztito Telep,47.961052,22.765702,6050,26136,Hungary,Észak-Alföld,HU32,Hungary,4356
Tuzser - Szennyviztisztito Telep,48.3322,22.108968,6044,26110.08,Hungary,Észak-Alföld,HU32,Hungary,4351.68
Ujbarok - Szennyviztisztito Telep,47.482005,18.570567,9690,41860.8,Hungary,Közép-Dunántúl,HU21,Hungary,6976.8
Ujfeherto - Szennyviztisztito Telep,47.808386,21.643852,14000,60480,Hungary,Észak-Alföld,HU32,Hungary,10080
Ujhartyan - Szennyviztisztito Telep,47.232618,19.373419,7784,33626.88,Hungary,Pest,HU12,Hungary,5604.48
Ujiraz - Szennyviztisztito Telep,46.984921,21.342549,400,1728,Hungary,Dél-Alföld,HU33,Hungary,288
Ujkigyos - Szennyviztisztito Telep,46.598981,20.994426,10800,46656,Hungary,Dél-Alföld,HU33,Hungary,7776
Ujlengyel - Szennyviztisztito Telep,47.208372,19.46437,4000,17280,Hungary,Pest,HU12,Hungary,2880
Ujleta - Szennyviztisztito Telep,47.455498,21.867104,1091,4713.12,Hungary,Észak-Alföld,HU32,Hungary,785.52
Ujszentmargita - Szennyviztisztito Telep,47.722164,21.08982,1192,5149.44,Hungary,Észak-Alföld,HU32,Hungary,858.24
Ujudvar - Szennyviztisztito Telep,46.536383,16.980785,425,1836,Hungary,Nyugat-Dunántúl,HU22,Hungary,306
Uraiujfalu - Szennyviztisztito Telep,47.371647,16.997522,1305,5637.6,Hungary,Nyugat-Dunántúl,HU22,Hungary,939.6
Urkut - Szennyviztisztito Telep,47.087353,17.621176,2229,9629.28,Hungary,Közép-Dunántúl,HU21,Hungary,1604.88
Vac - Szennyviztisztito Telep,47.761752,19.137778,116666,503997.12,Hungary,Pest,HU12,Hungary,83999.52
Vacszentlaszlo - Szennyviztisztito Telep,47.55713,19.559387,7020,30326.4,Hungary,Pest,HU12,Hungary,5054.4
Vagashuta - Szennyviztisztito Telep,48.424583,21.532905,98,423.36,Hungary,Észak-Magyarország,HU31,Hungary,70.56
Vaja - Szennyviztisztito Telep,47.991297,22.17759,4100,17712,Hungary,Észak-Alföld,HU32,Hungary,2952
Valkonya - Szennyviztisztito Telep,46.498561,16.806335,120,518.4,Hungary,Nyugat-Dunántúl,HU22,Hungary,86.4
Vallus - Szennyviztisztito Telep,46.846658,17.299875,100,432,Hungary,Nyugat-Dunántúl,HU22,Hungary,72
Vamospercs - Szennyviztisztito Telep,47.557767,21.89335,7714,33324.48,Hungary,Észak-Alföld,HU32,Hungary,5554.08
Varpalota - Szennyviztisztito Telep,47.198093,18.159138,30300,130896,Hungary,Közép-Dunántúl,HU21,Hungary,21816
Varsad - Szennyviztisztito Telep,46.527408,18.516626,550,2376,Hungary,Dél-Dunántúl,HU23,Hungary,396
Varvolgy - Szennyviztisztito Telep,46.872329,17.26176,1350,5832,Hungary,Nyugat-Dunántúl,HU22,Hungary,972
Vasarosnameny-Gergelyiugornya - Szennyviztisztito Telep,48.1273,22.360112,1667,7201.44,Hungary,Észak-Alföld,HU32,Hungary,1200.24
Vese - Szennyviztisztito Telep,46.406647,17.273029,1543,6665.76,Hungary,Dél-Dunántúl,HU23,Hungary,1110.96
Vasarosnameny-Gergelyiugornya nelkul - Szennyviztisztito Telep,48.137999,22.306755,11039,47688.48,Hungary,Észak-Alföld,HU32,Hungary,7948.08
Vasvar - Szennyviztisztito Telep,47.058888,16.789891,5790,25012.8,Hungary,Nyugat-Dunántúl,HU22,Hungary,4168.8
Veresegyhaz - Szennyviztisztito Telep,47.631414,19.258636,40000,172800,Hungary,Pest,HU12,Hungary,28800
Verpelet - Szennyviztisztito Telep,47.836183,20.221431,2292,9901.44,Hungary,Észak-Magyarország,HU31,Hungary,1650.24
Verseg es Kartal - Szennyviztisztito Telep,47.714489,19.567738,7493,32369.76,Hungary,Pest,HU12,Hungary,5394.96
Vertesacsa - Szennyviztisztito Telep,47.385121,18.571535,2850,12312,Hungary,Közép-Dunántúl,HU21,Hungary,2052
Veszprem - Szennyviztisztito Telep,47.122758,17.913258,122373,528651.36,Hungary,Közép-Dunántúl,HU21,Hungary,88108.56
Veszpremvarsany - Szennyviztisztito Telep,47.447126,17.819112,2067,8929.44,Hungary,Nyugat-Dunántúl,HU22,Hungary,1488.24
Veszto - Szennyviztisztito Telep,46.932063,21.238526,10000,43200,Hungary,Dél-Alföld,HU33,Hungary,7200
Villany - Szennyviztisztito Telep,45.872139,18.465425,15100,65232,Hungary,Dél-Dunántúl,HU23,Hungary,10872
Visonta - Szennyviztisztito Telep,47.771196,20.0386,5000,21600,Hungary,Észak-Magyarország,HU31,Hungary,3600
Zahony - Szennyviztisztito Telep,48.396373,22.15677,7000,30240,Hungary,Észak-Alföld,HU32,Hungary,5040
Zalaapati - Szennyviztisztito Telep,46.722211,17.113534,1968,8501.76,Hungary,Nyugat-Dunántúl,HU22,Hungary,1416.96
Zalacsany - Szennyviztisztito Telep,46.812852,17.106989,1000,4320,Hungary,Nyugat-Dunántúl,HU22,Hungary,720
Zalaegerszeg - Szennyviztisztito Telep,46.853346,16.857578,180000,777600,Hungary,Nyugat-Dunántúl,HU22,Hungary,129600
Zalakaros - Szennyviztisztito Telep,46.546204,17.138196,13820,59702.4,Hungary,Nyugat-Dunántúl,HU22,Hungary,9950.4
Zalakomar - Szennyviztisztito Telep,46.528801,17.168402,4500,19440,Hungary,Dél-Dunántúl,HU23,Hungary,3240
"Zalalovo - (Irsapuszta, Szucsmajor nelkul) - Szennyviztisztito Telep",46.843298,16.611093,4772,20615.04,Hungary,Nyugat-Dunántúl,HU22,Hungary,3435.84
Zalaszentgrot - Szennyviztisztito Telep,46.935753,17.07817,10750,46440,Hungary,Nyugat-Dunántúl,HU22,Hungary,7740
Zalaszentmarton - Szennyviztisztito Telep,46.704099,17.068541,76,328.32,Hungary,Nyugat-Dunántúl,HU22,Hungary,54.72
Zamoly - Szennyviztisztito Telep,47.32528,18.411407,4590,19828.8,Hungary,Közép-Dunántúl,HU21,Hungary,3304.8
Zebegeny - Szennyviztisztito Telep,47.794368,18.909649,1000,4320,Hungary,Pest,HU12,Hungary,720
Zirc - Szennyviztisztito Telep,47.276497,17.869591,8890,38404.8,Hungary,Közép-Dunántúl,HU21,Hungary,6400.8
Zomba - Szennyviztisztito Telep,46.399101,18.573186,2200,9504,Hungary,Dél-Dunántúl,HU23,Hungary,1584
Zsaka - Szennyviztisztito Telep,47.12302,21.441828,2970,12830.4,Hungary,Észak-Alföld,HU32,Hungary,2138.4
Zsambek - Szennyviztisztito Telep,47.540191,18.731024,8000,34560,Hungary,Pest,HU12,Hungary,5760
Zsana - Szennyviztisztito Telep,46.375708,19.66433,1200,5184,Hungary,Dél-Alföld,HU33,Hungary,864
Zsujta - Szennyviztisztito Telep,48.495536,21.282167,260,1123.2,Hungary,Észak-Magyarország,HU31,Hungary,187.2
COV Kechnec - Milhost,48.535203,21.269486,7200,31104,Hungary,Észak-Magyarország,HU31,Hungary,5184
COV Kralovsky Chlmec,48.404102,21.972509,12752,55088.64,Hungary,Észak-Magyarország,HU31,Hungary,9181.44
Heiligenbrunn,47.01243938,16.45185355,2500,10800,Hungary,Nyugat-Dunántúl,HU22,Hungary,1800
Rechnitz,47.30154332,16.45340332,6000,25920,Hungary,Nyugat-Dunántúl,HU22,Hungary,4320
Lutzmannsburg (Lutzmannsburg - Frankenau),47.45595797,16.66122331,9000,38880,Hungary,Nyugat-Dunántúl,HU22,Hungary,6480
Andau,47.7786671,17.04913647,13500,58320,Hungary,Nyugat-Dunántúl,HU22,Hungary,9720
